altmetric_id,doi,source_type,title,url,posted_on,summary,first_order_doi
721885,10.1038/nature10831,blogs,Research finally published showing how bird flu virus can spread among mammals,http://arstechnica.com/science/news/2012/05/research-finally-published-showing-how-bird-flu-virus-can-spread-among-mammals.ars?utm_source=rss&utm_medium=rss&utm_campaign=rss,2012-05-02T17:00:00+00:00,"For years, public health officials have been watching the H5N1 bird flu virus warily.  When it hops from birds to people, it has a disturbing tendency to kill them.  So far, however, it has been unable to spread from person to person, which has kept the...",
721885,10.1038/nature10831,blogs,Behold The Forbidden Flu: A Loom Explainer | The Loom,http://blogs.discovermagazine.com/loom/2012/05/02/behold-the-forbidden-flu-a-loom-explainer/?utm_source=feedburner&utm_medium=feed&utm_campaign=Feed%3A+DiscoverTopStories+%28Discover+Top+Stories%29,2012-05-02T17:00:00+00:00,"Here, for your viewing pleasure, is a very important part of a very special flu virus. It may look like an ordinary protein, but in fact it&#8217;s been at the center of a blazing debate about whether our increasing power to experiment on life could lea...",
721885,10.1038/nature10831,blogs,"Mutant flu paper is finally published, reveals pandemic potential of wild viruses | Not Exactly Rocket Science",http://blogs.discovermagazine.com/notrocketscience/2012/05/02/mutant-flu-kawaoka-paper/?utm_source=feedburner&utm_medium=feed&utm_campaign=Feed%3A+DiscoverTopStories+%28Discover+Top+Stories%29,2012-05-02T17:00:00+00:00,"It’s finally out. After months of will-they-won’t they and should-they-shouldn’t-they deliberations, Nature has finally published a paper about a mutant strain of bird flu that can spread between mammals. The strain was produced by Yoshihiro Kawaoka from ...",
721885,10.1038/nature10831,blogs,Kawaoka paper published on aerosol transmission of H5 influenza virus in ferrets,http://www.virology.ws/2012/05/02/kawaoka-paper-published-on-aerosol-transmission-of-h5-influenza-virus-in-ferrets/?utm_source=feedburner&utm_medium=feed&utm_campaign=Feed%3A+VirologyBlog+%28virology+blog%29,2012-05-02T17:00:00+00:00,"One of two papers on avian influenza H5N1 virus that caused such a furor in the past six months was published today in the journal Nature. I have read it, and I can assure you that the results do not enable the construction of a deadly biological weapon. ...",
721885,10.1038/nature10831,blogs,High-risk research can’t be kept secret forever,http://blog.joerg.heber.name/2012/05/03/high-risk-research-cant-be-kept-secret-forever/,2012-05-03T11:50:00+00:00,"Should scientific journals publish high-risk scientific research that could in the wrong hands be disastrous for us all? Although it might be sensible to keep certain results secret for a while, I argue that eventually it does not make sense to withhold r...",
721885,10.1038/nature10831,blogs,Bird Flu Apocalypse:  A How-To Guide,http://alfin2100.blogspot.com/2012/05/bird-flu-apocalypse-how-to-guide.html,2012-05-03T19:00:00+00:00,"On one side of the world, bird flu claims the life of an Indonesian infant.  On the other side of the world, the scientific journal Nature publishes research explaining how to modify H5/N1 flu viruses in ways that may eventually facilitate human to huma...",
721885,10.1038/nature10831,blogs,Después de un acalorado debate publican una de las polémicas investigaciones sobre la influenza aviar,http://www.bioblogia.com/2012/05/despues-de-un-debate-epico-publican-conflictiva-investigacion-sobre-la-influenza-aviar/,2012-05-06T02:08:00+00:00,&nbsp; ¿Debe ser de conocimiento público un artículo científico que revela un importante descubrimiento que podría tener consecuencias para la salud humana? Esta simple pregunta generó un debate bien acalorado en la comunidad científica mundial. Esto a ra...,
721885,10.1038/nature10831,blogs,Wie man ein Killervirus herstellt (oder auch nicht),http://www.scilogs.de/wblogs/blog/fischblog/biochemie-und-molekularbiologie/2012-05-10/wie-man-ein-killervirus-herstellt-oder-auch-nicht,2012-05-10T19:35:00+00:00,"Nach ausf&uuml;hrlichen und kontroversen Debatten hat Nature jetzt das erste der beiden umstrittenen Paper &uuml;ber ein mutiertes Vogelgrippe-Virus ver&ouml;ffentlicht. Es zeigt vor allem, wie gef&auml;hrlich die in freier Wildbahn kursierenden Grippev...",
721885,10.1038/nature10831,blogs,H5N1: Cuatro mutaciones y toda una controversia,http://www.biounalm.com/2012/05/h5n1-cuatro-mutaciones-y-toda-una.html?utm_source=feedburner&utm_medium=feed&utm_campaign=Feed%3A+feedburner%2FMEZl+%28BioUnalm%29,2012-05-05T20:23:00+00:00,"Nature publica uno de los dos controversiales artículos sobre el virus de la gripe aviar desarrollado en el laboratorio con el potencial de desarrollar una pandemia.  En agosto del 2011, dos grupos de investigadores, uno liderado por el Dr. Ron Fouchier d...",
721885,10.1038/nature10831,blogs,Five Mutations Make H5N1 Airborne,http://the-scientist.com/2012/06/21/five-mutations-make-h5n1-airborne/,2012-06-21T18:00:00+00:00,"After more than 6 months of heated discussion, the second group that succeeded in making the H5N1 avian flu transmissible between ferrets, considered a good model for human transmission, has published its results. The paper, which came out today (June 21)...",
721885,10.1038/nature10831,blogs,High-risk research can’t be kept secret forever,http://allthatmatters.heber.org/2012/05/03/high-risk-research-cant-be-kept-secret-forever/,2012-05-03T11:50:00+00:00,"Should scientific journals publish high-risk scientific research that could in the wrong hands be disastrous for us all? Although it might be sensible to keep certain results secret for a while, I argue that eventually it does not make sense to withhold r...",
721885,10.1038/nature10831,blogs,9 Ways Humanity Could Bring About Our Own Destruction,http://io9.com/5967660/9-ways-humanity-could-bring-about-our-own-destruction,2012-12-12T18:02:00+00:00,"It won't be because of a Maya prophesy, but humanity may actually meet its doom someday. There is no shortage of threats from the natural world, including asteroid impacts and the eruption of supervolcanoes. But who needs natural disasters when you've g...",
721885,10.1038/nature10831,blogs,What Science Should We Fund? Questioning New Policy on H5N1 Gain-of-Function Research,http://rss.sciam.com/click.phdo?i=83e09f827ca8bc1afd991bc72025a1e5,2013-01-15T12:32:00+00:00,"Terrence Tumpey, whose team reconstructed the extinct 1918 “Spanish Flu” virus. Cutting edge influenza research has generated controversy, with some claiming that the benefits of creating new (or resurrecting old) viruses are outweighed by the risks of an...",
721885,10.1038/nature10831,blogs,EDITORIAL: A long pause,http://feeds.nature.com/~r/nm/rss/spoonful_of_medicine/~3/MCDQYqqzUA0/a-long-pause.html,2013-01-24T20:20:41+00:00,"A version of this editorial appears in the February 2013 issue of Nature Medicine. Last January, scientists voluntarily imposed a pause on research that could lead to the generation of highly pathogenic avian influenza viruses with increased transmissibil...",
721885,10.1038/nature10831,blogs,Why Nature Published the Controversial Mutant Bird-Flu Paper,http://rss.sciam.com/click.phdo?i=e62872e98c810e4725170eb57a8ed9db,2012-05-03T17:19:22+00:00,"Nature Volume 485 Number 7396 pp5-142            The following is an editorial from Nature magazine, reposted here with permission. It was originally posted May 2 with the title, “Publishing risky research.” This week sees the online publication of the pa...",
721885,10.1038/nature10831,blogs,Nature publishes first of the ‘weaponised’ flu papers,http://sciblogs.co.nz/infectious-thoughts/2012/05/04/nature-publishes-first-of-the-weaponised-flu-papers/,2012-05-04T09:44:42+00:00,"And it’s Open Access!  Late last year it was revealed that 2 papers submitted to the journals Science and Nature had been sent to the National Science Advisory Board for Biosecurity (NSABB), an American committee charged with providing guidance on the pot...",
721885,10.1038/nature10831,blogs,Nature Publishes The Kawaoka H5N1 Study,http://afludiary.blogspot.com/2016/07/july-tropical-climatology.html,2012-05-02T17:51:00+00:00,BSL-4 Lab Worker - Photo Credit –USAMRIID      # 6312        Although it was Ron Fouchier’s announcement last September (see New Scientist: Five Easy Mutations) of his successful manipulation of the H5N1 virus to make it transmissible among ferrets that s...,
721885,10.1038/nature10831,blogs,TWiV 182: One flu over the ferrets' nest,http://www.twiv.tv/2012/05/06/twiv-182-one-flu-over-the-ferrets-nest/?utm_source=feedburner&utm_medium=feed&utm_campaign=Feed%3A+twivmp3+%28This+Week+in+Virology+-+MP3+Edition%29,2012-05-06T13:45:00+00:00,"Hosts:&nbsp;Vincent Racaniello,&nbsp;Rich Condit,&nbsp;Alan Dove, and&nbsp;Michael J. Imperiale Michael joins the TWiV crew to discuss the recently published influenza H5N1 transmission paper and how it was viewed by the NSABB. Links for this episode: A...",
721885,10.1038/nature10831,blogs,Evo in the news update: Evolution and the avian flu,http://evolution.berkeley.edu/evolibrary/news/051115_birdflu,2012-06-07T18:45:00+00:00,"The warnings are dire. The economic cost for developed countries alone is estimated at 550 billion dollars, and the projected worldwide death toll ranges between 2 million and 150 million people. The very real specter behind these warnings is, of course...",
721885,10.1038/nature10831,blogs,Science and the Flu: A Little Learning Is A Dangerous Thing,http://science.kqed.org/quest/2012/09/25/science-and-the-flu-a-little-learning-is-a-dangerous-thing/?utm_source=rss&utm_medium=rss&utm_campaign=science-and-the-flu-a-little-learning-is-a-dangerous-thing,2012-09-25T15:00:02+00:00,"Bernt Notke&#39;s Danse Macabre The first sniffles of flu season are upon us: a friend of mine was struck down, and couldn't join me in attending a science dialogue on Sunday night. This was darkly humorous, as the topic of the evening was pandemics. Prov...",
721885,10.1038/nature10831,blogs,A ‘Kill Switch’ For H7N9 and H5N1 ‘Gain-Of Function’ Influenza Viruses,http://www.scilogs.com/thats_basic_science/a-kill-switch-for-h7n9-and-h5n1-gain-of-function-influenza-viruses/?utm_source=rss&amp;utm_medium=rss&amp;utm_campaign=a-kill-switch-for-h7n9-and-h5n1-gain-of-function-influenza-viruses,2013-08-11T17:46:00+00:00,&nbsp;A report in Nature Biotechnology highlights a simple way to control gain-of-function flu viruses.Influenza A (H7N9) as viewed through an electron microscope. Both filaments and spheres are observed in this photo. (Credit: The U.S. Centers for Dise...,
721885,10.1038/nature10831,blogs,Controversial Research Topics (Part 1),http://blog.labguru.com/blog-labguru/controversial-research-topics-part-1,2013-08-08T10:07:00+00:00,Rarely does the simple announcement of a forthcoming paper create the kind of firestorm that erupted last year after researchers from the University of Tokyo and University of Wisconsin reported that splicing a mutated version of a key viral protein cal...,
721885,10.1038/nature10831,blogs,GCR News Summary July 2014,http://gcrinstitute.org/gcr-news-summary-july-2014/,2014-07-31T01:26:00+00:00,"Boy with smallpox image courtesy of the CDC Public Health Image Library Workers found vials containing the smallpox virus in a storage room at a Food and Drug Administration (FDA) laboratory at the National Institutes of Health (NIH) campus in Bethesda,...",
721885,10.1038/nature10831,blogs,Behind the Steel Door,http://www.lastwordonnothing.com/2015/02/11/behind-the-steel-door/,2015-02-11T09:00:00+00:00,"In 2011, Yoshihiro Kawaoka reported that his team had engineered a pandemic form of the bird flu virus. Bird flu, also known as H5N1, has infected infected nearly 700 people worldwide and killed more than 400. But it hasn&rsquo;t yet gained the ability ...",
721885,10.1038/nature10831,blogs,Research finally published showing how bird flu virus can spread among mammals,http://feedproxy.google.com/~r/arstechnica/science/~3/alANbapg53o/research-finally-published-showing-how-bird-flu-virus-can-spread-among-mammals.ars,2012-05-02T17:00:00+00:00,,
721885,10.1038/nature10831,blogs,Bird flu paper published despite worries of weaponization,http://arstechnica.com/science/2012/05/research-finally-published-showing-how-bird-flu-virus-can-spread-among-mammals/,2012-05-02T17:00:00+00:00,"Artist rendering of a chicken/ferret hybrid, not at all how scientists actually did the research. 	 			 							Photo illustration by Aurich Lawson				 	          For years, public health officials have been watching the H5N1 bird flu virus warily. When it...",
721885,10.1038/nature10831,blogs,The moral imperative to research editing embryos:  The need to modify Nature and Science,http://blog.practicalethics.ox.ac.uk/2015/04/the-moral-imperative-to-research-editing-embryos-the-need-to-modify-nature-and-science/,2015-04-23T23:47:00+00:00,"Chris Gyngell and Julian Savulescu Human genetic modification has officially progressed from science fiction to science.&nbsp; In a world first, scientists have used the gene editing technique CRISPR to modify human embryos. While the study itself marks...",
721885,10.1038/nature10831,blogs,Making influenza more efficient: flu virus engineering resumes,http://www.checkmatescientist.net/2013/02/making-influenza-more-efficient-flu.html,2013-02-01T14:00:00+00:00,"Declan Butler, at Nature, writes:The move follows a large international workshop convened on 17–18  December by the US National Institutes of Health in Bethesda, Maryland,  to discuss ‘gain-of-function research’ — that intended to increase the  transmissi...",
721885,10.1038/nature10831,blogs,"U.S. Halts Research On Viral Super-Strains, Citing Safety Concerns",http://www.iflscience.com/health-and-medicine/us-halts-research-viral-super-strains-citing-safety-concerns,2014-10-23T20:20:00+00:00,"Health and Medicine          Photo credit:          MERS Coronavirus Particles. NIAID/Colorado State University   Last week, the White House Office of Science and Technology Policy stunned scientists when it announced a moratorium of federally-funded re...",
721885,10.1038/nature10831,blogs,Redux: Behind the Steel Door,http://www.lastwordonnothing.com/2017/06/28/redux-behind-the-steel-door/,2017-06-28T08:00:00+00:00,"This post first ran&nbsp;on February 11, 2015.&nbsp; In 2011, Yoshihiro Kawaoka reported that his team had engineered a pandemic form of the bird flu virus. Bird flu, also known as H5N1, has infected infected nearly 700 people worldwide and killed more ...",
721885,10.1038/nature10831,blogs,Science and the Flu: A Little Learning Is A Dangerous Thing,http://science.kqed.org/quest/2012/09/25/science-and-the-flu-a-little-learning-is-a-dangerous-thing/?utm_source=rss&amp;utm_medium=rss&amp;utm_campaign=science-and-the-flu-a-little-learning-is-a-dangerous-thing,2012-09-25T15:00:00+00:00,"The first sniffles of flu season are upon us: a friend of mine was struck down, and couldn't join me in attending a science dialogue on Sunday night. This was darkly humorous, as the topic of the evening was pandemics. &#8230; [visit site to read more] ...",
721885,10.1038/nature10831,blogs,TWiV 270: Homeland virology,http://www.twiv.tv/2014/02/02/twiv-270-homeland-virology/?utm_source=feedburner&utm_medium=feed&utm_campaign=Feed%3A+twivmp3+%28This+Week+in+Virology+-+MP3+Edition%29,2014-02-02T14:00:00+00:00,Hosts:&nbsp;Vincent Racaniello&nbsp;and&nbsp;Rich Condit Guests:&nbsp;Dennis Hruby&nbsp;and&nbsp;Yoshihiro Kawaoka Vincent and Rich discuss avian influenza virus and an antiviral drug against smallpox with Dennis and Yoshi at the ASM Biodefense and Emer...,
721885,10.1038/nature10831,blogs,Kommt das Coronavirus aus dem Labor?,https://scilogs.spektrum.de/fischblog/coronavirus-labor/,2020-02-02T15:59:47+00:00,"Warum es möglich ist, dass das neue Coronavirus aus einem Labor kommt - und wieso das trotzdem unwahrscheinlich ist. Weiterlesen",
721885,10.1038/nature10831,blogs,Did this Virus Come from a Lab? Maybe Not — But it Exposes the Threat of a Biowarfare Arms Race,https://www.independentsciencenews.org/commentaries/did-this-virus-come-from-a-lab-maybe-not-but-it-exposes-the-threat-of-a-biowarfare-arms-race/,2020-04-24T23:43:35+00:00,"By Sam Husseini This article first appeared at Salon There is no scientific finding that the novel coronavirus was bioengineered, but its origins are not entirely clear. Deadly pathogens discovered in the wild can be ...",
721885,10.1038/nature10831,blogs,Erste umstrittene Vogelgrippepublikation veröffentlicht,http://scienceblogs.de/science_meets_society/2012/05/03/erste-umstrittene-vogelgrippepublikation-veroffentlicht/?utm_source=rss&utm_medium=rss&utm_campaign=erste-umstrittene-vogelgrippepublikation-veroffentlicht,2012-05-03T09:14:02+00:00,"Es war eine heisse Debatte und wir haben auch schon darüber berichtet. Alles begann mit dem Bericht von zwei Forschergruppen, dass es gelungen sei ein Vogelgrippevirus zu generieren, das zwischen Säugetieren übertragen werden könne. Denn genau das konnte ...",
721885,10.1038/nature10831,blogs,"Viral, A Review",https://wattsupwiththat.com/2022/01/03/viral-a-review/?utm_source=rss&utm_medium=rss&utm_campaign=viral-a-review,2022-01-03T18:00:00+00:00,By Andy May Alina Chan is a molecular biologist specializing in gene therapy and cell engineering at the Broad Institute of MIT and Harvard. She partnered with the famous science&#8230;,
721885,10.1038/nature10831,blogs,"Viral, A Review",https://climate-science.press/2022/01/03/viral-a-review/,2022-01-03T18:50:27+00:00,"By Andy May    Alina Chan is a molecular biologist specializing in gene therapy and cell engineering at the Broad Institute of MIT and Harvard. She partnered with the famous science writer, Matt Ridley, to write&nbsp;Viral, the Search for the Origin of CO...",
721885,10.1038/nature10831,blogs,"Viral, A Review",https://iowaclimate.org/2022/01/03/viral-a-review/,2022-01-03T19:33:54+00:00,"By Andy May Alina Chan is a molecular biologist specializing in gene therapy and cell engineering at the Broad Institute of MIT and Harvard. She partnered with the famous science writer, Matt Ridley, to write Viral, the Search for the Origin of COVID-19...",
721885,10.1038/nature10831,blogs,"Burjánzanak a madárinfluenza-vírusok, és nagyon oda kell figyelni, hogy ne terjedjenek emberről emberre",https://qubit.hu/2022/05/06/burjanzanak-a-madarinfluenza-virusok-es-nagyon-oda-kell-figyelni-hogy-ne-terjedjenek-emberrol-emberre,2022-05-06T05:01:55+00:00,"Először okozott emberi megbetegedést az A(H3N8) madárinfluenza, jelentették be a múlt héten a kínai hatóságok, miközben az Egyesült Államokban éppen a legismertebb és legsúlyosabb madárinfluenza-vírus, az A(H5N1) okozott fertőzést. Mindkét esetet madarakk...",
721885,10.1038/nature10831,blogs,БУ! Почему ученым не запрещают создавать новые заразные вирусы?,https://nplus1.ru/blog/2022/10/26/gof,2022-10-26T07:36:00+00:00,БУ! Почему ученым не запрещают создавать новые заразные вирусы?,
721885,10.1038/nature10831,blogs,"Életmentő kutatás vagy rizikós kísérlet – mire jó, hogy vírusokat módosítanak a laborban?",https://qubit.hu/2022/11/14/eletmento-kutatas-vagy-rizikos-kiserlet-mire-jo-hogy-virusokat-modositanak-a-laborban,2022-11-14T06:41:57+00:00,"Az Egyesült Államok a következő hónapokban szigoríthatja a laboratóriumilag módosított vírusokkal végzett kutatásokat egy, az Amerikai Egészségügyi Intézetnek (National Institutes of Health, NIH) szeptemberben benyújtott szakértői bizottsági javaslat alap...",
721885,10.1038/nature10831,blogs,Genetic diversity of H9N2 avian influenza viruses in poultry across China and implications for zoonotic transmission,https://www.nature.com/articles/s41564-025-02002-x,2025-06-03T00:00:00+00:00,"Nature Microbiology, Published online: 03 June 2025; doi:10.1038/s41564-025-02002-xThe H9N2 avian influenza viruses (AIVs) remain dominant in live poultry markets in China, and H9N2 AIVs with HA-Q226L, PB2-V/K627 and NP-N52 mutations can be transmitted ...",
721885,10.1038/nature10831,video,"This Week in Virology 270 - Live at ASM Biodefense in Washington, D.C.",https://www.youtube.com/watch?v=hgXAn7udYaA,2014-02-02T15:00:04+00:00,"Watch a live video episode of This Week in Virology (TWiV), a podcast about viruses. Started in September 2008 by Vincent Racaniello, a Higgins Professor in the Department of Microbiology and Immunology at Columbia University, the goal of the show is to h...",
721885,10.1038/nature10831,video,Biological Science & Technology: Contemporary Examples of Problems,https://www.youtube.com/watch?v=GIs2Cvc3-bs,2015-03-06T17:50:30+00:00,"Image Credits (Images are for Educational and Non-Commercial Purposes Only):  Flu structure Owner/Artist: Kawaoka et al., Nature. Creative Commons Attribution-Non-Commercial-Share Alike licence (creativecommons.org/licenses/by-nc-sa/3.0/). Image URL: ht...",
721885,10.1038/nature10831,video,The Proximal Origin of SARS-CoV2 --  Special Report -- J.C. ON A BIKE,https://www.youtube.com/watch?v=HmSCMb8Nds4,2020-03-27T21:09:09+00:00,"On the road again, this time covering the new Nature Medicine Correspondence paper titled, ""The Proximal Origins of SARS-CoV2"" and second paper in Nature titled, ""Identifying SARS-CoV-2 related coronaviruses in Malayan pangolins"".  Summary at 21:15  I am ...",
721885,10.1038/nature10831,video,კორონავირუსის ლაბორატორიიდან გაჟონვის თეორია - მითი თუ მეცნიერული ჰიპოთეზა?,https://www.youtube.com/watch?v=GzfdLDiHXso,2021-06-04T07:53:02+00:00,"კორონავირუსის ლაბორატორიიდან გაჟონვის თეორია ბევრის მიერ შერაცხულ იქნა შეთქმულების თეორიად. თუმცა, ამ ჰიპოთეზის მეცნიერული შესწავლა მხოლოდ ახლა იწყება სერიოზულად... არის ეს თეორია შეთხზული მითი თუ აქვს მას რაიმე რეალური საფუძველი? ვიდეოში ამ თემის ყველაზე...",
721885,10.1038/nature10831,video,Coronavirus Lab Leak - Conspiracy or Valid Scientific Theory?,https://www.youtube.com/watch?v=ZJ_pqurw5jo,2021-06-13T08:10:08+00:00,Coronavirus lab leak hypothesis has been labelled as conspiracy theory by many. Does lab leak argument hold any scientific ground? Let's try to answer this question in the video... _ _ _ Chapters: 00:00  - Intro 01:09 - Chapter 1: Lab Leaks Do Happen 03...,
721885,10.1038/nature10831,news,Controversial flu research published,http://www.sciencenews.org/view/generic/id/340373/description/Controversial_flu_research_published,2012-05-02T18:35:54+00:00,,
721885,10.1038/nature10831,news,News story from BBC News on Wednesday 02 May 2012,,2012-05-02T17:01:00+00:00,,
721885,10.1038/nature10831,news,Deadly Pandemic Bird Flu Details Finally Are Made Public,http://www.scientificamerican.com/article.cfm?id=pandemic-bird-flu-studies-public&print=true,2012-06-21T19:45:00+00:00,&nbsp; [More],
721885,10.1038/nature10831,news,News story from Le Figaro on Friday 22 June 2012,,2012-06-22T14:12:00+00:00,,
721885,10.1038/nature10831,news,One of Two Hotly Debated H5N1 Papers Finally Published,http://news.sciencemag.org/sciencenow/2012/05/one-of-two-hotly-debated-h5n1-pa.html?rss=1,2012-05-02T18:18:58+00:00,,
721885,10.1038/nature10831,news,Deadly Pandemic Bird Flu Details Finally Are Made Public,http://www.scientificamerican.com/article.cfm?id=pandemic-bird-flu-studies-public,2012-06-21T19:45:00+00:00,,
721885,10.1038/nature10831,news,Can Stuffing Germs up Ferrets Unleash a Human Pandemic? | DISCOVER,http://discovermagazine.com/2012/may/05-can-stuffing-germs-up-ferrets-unleash-a-human-pandemic,2012-05-18T21:15:00+00:00,"The Claim: A lab-concocted strain of ferret flu could become a doomsday weapon or bioterrorist threat. The Contrarian: Wendy Orent, author of Plague, says the much-hyped fears are unfounded: The new strain presents no danger to humans but reveals a grea...",
721885,10.1038/nature10831,news,Biosecurity Panel Flailed in Oversight of Mutant Bird Flu,http://www.scientificamerican.com/article.cfm?id=questions-surround-biosecurity-mutant-bird-flu,2012-05-26T13:00:00+00:00,,
721885,10.1038/nature10831,news,News story from The Telegraph (UK) on Thursday 21 June 2012,,2012-06-21T18:00:23+00:00,,
721885,10.1038/nature10831,news,News story from The Guardian on Wednesday 02 May 2012,,2012-05-02T17:14:00+00:00,,
721885,10.1038/nature10831,news,First Of Controversial Bird Flu Studies Is Published,http://www.npr.org/blogs/health/2012/05/09/151870671/first-of-controversial-bird-flu-studies-is-published,2012-05-02T18:41:00+00:00,"The paper describes experiments that suggest just a few genetic changes could potentially make a bird flu virus capable of becoming contagious in humans, and causing a dangerous pandemic. A fierce debate has raged over this study for months, because of fe...",
721885,10.1038/nature10831,news,Controversial bird flu work resumes - BBC News,http://www.bbc.co.uk/news/health-21165288,2013-01-23T18:05:37+00:00,The Guardian Controversial bird flu work resumes BBC News Controversial research into making bird flu easier to spread in people is to resume after a year-long pause. Some argue the research is essential for understanding how viruses spread and could be u...,
721885,10.1038/nature10831,news,News story from The Economist on Wednesday 20 June 2012,,2012-06-20T17:17:41+00:00,,
721885,10.1038/nature10831,news,Bird flu research that stirred fear published,http://www.post-gazette.com/stories/news/world/bird-flu-research-that-stirred-fear-published-641491/,2012-06-22T07:00:00+00:00,,
721885,10.1038/nature10831,news,News story from The Guardian on Thursday 21 June 2012,,2012-06-21T18:11:00+00:00,,
721885,10.1038/nature10831,news,"The Evolution of Bird Flu, and the Race to Keep Up",http://www.nytimes.com/2012/06/26/science/the-evolution-of-bird-flu-and-the-race-to-keep-up.html?pagewanted=all,2012-06-26T04:00:00+00:00,"The girl was the most recent documented victim of the influenza virus H5N1, a strain that has caused 606 known human cases and 357 deaths since it re-emerged in 2003 after a six-year absence. H5N1 can race through bird populations, and the World Health Or...",
721885,10.1038/nature10831,news,Publication of flu study reveals full nature of threat,http://www.newscientist.com/article/dn21958-publication-of-flu-study-reveals-full-nature-of-threat.html,2012-06-21T18:01:00+00:00,,
721885,10.1038/nature10831,news,News story from Los Angeles Times on Friday 22 June 2012,,2012-06-22T00:08:00+00:00,,
721885,10.1038/nature10831,news,New Gene Map of Deadly Bird Flu Points to Pandemic Concerns,http://news.nationalgeographic.com/news/2014/04/140410-virus-bird-flu-national-security-pandemic-science/,2014-04-10T16:47:24+00:00,"The H5N1 avian flu virus isn't known to be transmissible through the air, but a study released Thursday shows how mutations to the virus could give it that ability.",
721885,10.1038/nature10831,news,Chinese Scientists Create Killer Hybrid Flu Virus In Lab,http://www.medicaldaily.com/articles/15131/20130503/chinese-scientists-virus-h5n1-bird-flu-influenza.htm,2013-05-03T14:16:04+00:00,,
721885,10.1038/nature10831,news,Single Gene Swap Helps Bird Flu Virus Switch Hosts,http://news.sciencemag.org/sciencenow/2013/05/gene-swap-helps-bird-flu-spread-.html?rss=1,2013-05-02T19:45:00+00:00,"Scientists worry that H5N1, now largely confined to birds, could pass from human to human",
721885,10.1038/nature10831,news,German Ethics Council: Government Should Regulate Dangerous Research,http://news.sciencemag.org/europe/2014/05/german-ethics-council-government-should-regulate-dangerous-research,2014-05-07T10:15:00+00:00,"Report recommends legal framework to deal with ""dual use research of concern""",
721885,10.1038/nature10831,news,Flu Researcher Ron Fouchier Loses Legal Fight Over H5N1 Studies,http://news.sciencemag.org/health/2013/09/flu-researcher-ron-fouchier-loses-legal-fight-over-h5n1-studies,2013-09-25T06:45:00+00:00,Dutch court confirms that export license is needed to publish certain influenza papers,
721885,10.1038/nature10831,news,Bird Flu Research to Resume,http://www.the-scientist.com/?articles.view/articleNo/34119/title/Bird-Flu-Research-to-Resume/,2013-01-24T13:30:00+00:00,,
721885,10.1038/nature10831,news,Can Stuffing Germs up Ferrets Unleash a Human Pandemic? | DISCOVER,http://discovermagazine.com/2012/may/05-can-stuffing-germs-up-ferrets-unleash-a-human-pandemic?utm_source=feedburner&utm_medium=feed&utm_campaign=Feed%3A+DiscoverHealthMedicine+%28Discover+Health+%26+Medicine%29,2012-05-18T21:15:00+00:00,,
721885,10.1038/nature10831,news,Controversial flu paper finally published,http://www.newscientist.com/article/dn21773-controversial-flu-paper-finally-published.html,2012-05-02T17:00:00+00:00,,
721885,10.1038/nature10831,news,Supervirus: Die Natur ist gefährlicher als der Terror,http://www.zeit.de/wissen/gesundheit/2012-06/supervirus-grippe,2012-06-22T12:18:45+00:00,"Wissenschaftler haben das Rezept für ein tödliches Virus mit Pandemie-Potenzial öffentlich gemacht. Doch die echte Gefahr lauert in der Natur, kommentiert Dagny Lüdemann.",
721885,10.1038/nature10831,news,Carl Zimmer Uncovers Our 'Planet of Viruses',http://www.pbs.org/newshour/rundown/2012/06/deadly-flu-paper-published-carl-zimmer-explains-h5n1-and-beyond.html,2012-06-21T19:06:00+00:00,,
721885,10.1038/nature10831,news,Bird-Flu Study Shows Pandemic Potential,http://online.wsj.com/article/SB10001424052702304441404577480700820235514.html,2012-06-22T12:49:42+00:00,,
721885,10.1038/nature10831,news,366 days: Nature's 10,http://www.nature.com/news/366-days-nature-s-10-1.11997,2012-12-19T00:00:00+00:00,Ten people who mattered this year.Nature 492 335 doi: 10.1038/492335a,
721885,10.1038/nature10831,news,Influenza Vaccines Provide Moderate Protection throughout the Entire Flu Season (ASM - American Society for ...,http://article.wn.com/view/2015/08/24/Influenza_Vaccines_Provide_Moderate_Protection_throughout_th/,2015-08-24T22:20:00+00:00,"(Source: ASM - American Society for Microbiology) Atlanta, GA - August 24, 2015 - Individuals who received the flu vaccine were protected for up to 6 months post-vaccination, the duration of most flu seasons, according to a study presented at the 2015 I...",
721885,10.1038/nature10831,news,Science Publishes H5N1 Flu Research in Full,http://www.aaas.org/news/releases/2012/0621sp_h5n1.shtml?sa_campaign=Internal_Ads/AAAS/RSS_News/2012-06-21/,2012-06-21T15:33:18+00:00,,
721885,10.1038/nature10831,news,Synbio and biosecurity,https://phys.org/news/2017-02-synbio-biosecurity.html,2017-02-07T12:07:07+00:00,"Home Biology Biotechnology February 7, 2017 February 7, 2017 by Devang Mehta, Plos Blogs The world in 1918 was emerging from under the pall of a World War that had claimed 38 million lives, and yet in the span of only one year, just as many lives...",
721885,10.1038/nature10831,news,One of Two Hotly Debated H5N1 Papers Finally Published,http://news.sciencemag.org/sciencenow/2012/05/one-of-two-hotly-debated-h5n1-pa.html,2012-05-02T18:18:00+00:00,"With four mutations, a hybrid H5N1 virus jumps between ferrets via respiratory droplets",
721885,10.1038/nature10831,news,Single Gene Swap Helps Bird Flu Virus Switch Hosts,http://news.sciencemag.org/sciencenow/2013/05/gene-swap-helps-bird-flu-spread-.html,2013-05-02T19:45:00+00:00,"Scientists worry that H5N1, now largely confined to birds, could pass from human to human",
721885,10.1038/nature10831,news,как одни изменения влекут за собой другие,https://elementy.ru/nauchno-populyarnaya_biblioteka/434482/Stremitelnaya_evolyutsiya_grippa_kak_odni_izmeneniya_vlekut_za_soboy_drugie,2019-02-16T02:34:24+00:00,"Георгий Базыкин, Юрий Стефанов «Природа» No11, 2014 Об авторах Георгий Александрович Базыкин кандидат биологических наук, заведующий сектором молекулярной эволюции вИнституте проблем передачи информации им.А.А.Харкевича РАН, ведущий научный сотрудник л...",
721885,10.1038/nature10831,news,Human error in high-biocontainment labs: a likely pandemic threat,https://thebulletin.org/2019/02/human-error-in-high-biocontainment-labs-a-likely-pandemic-threat/,2019-02-25T21:13:05+00:00,A CDC staff microbiologist examines reconstructed 1918 Pandemic Influenza Virus at a Biosafety Level 3-enhanced lab.,
721885,10.1038/nature10831,news,Is there a role for the Biological Weapons Convention in oversight of lab-created potential pandemic pathogens? - Bulletin of the Atomic Scientists,https://thebulletin.org/2019/08/is-there-a-role-for-the-biological-weapons-convention-in-oversight-of-lab-created-potential-pandemic-pathogens/,2019-08-27T17:42:08+00:00,"Research by Ron Fouchier in the Netherlands and Yoshihiro Kawaoka in Madison, Wisconsin marked the beginning of a “research enterprise” aimed at creating mammalian-airborne-transmissible, highly-pathogenic, avian-influenza live viruses.",
721885,10.1038/nature10831,news,Kommt das Coronavirus aus dem Labor?  Fischblog  SciLogs,https://scilogs.spektrum.de/fischblog/coronavirus-labor/?alm_mvr=0,2020-02-02T15:59:47+00:00,"Ziemlich früh in der aktuellen Coronavirus-Epidemie ist ja die Theorie aufgetaucht, der neue Erreger hätte etwas mit dem neu eingerichteten Hochsicherheitslabor in Wuhan zu tun.",
721885,10.1038/nature10831,news,News story from Le Monde on Friday 06 March 2020,,2020-03-06T14:57:22+00:00,,
721885,10.1038/nature10831,news,News story from Le Monde on Tuesday 31 March 2020,,2020-03-31T18:20:03+00:00,,
721885,10.1038/nature10831,news,Rien ne prouve que le coronavirus a été créé en laboratoire : les dessous de l’infodémie sur le Covid-19,https://theconversation.com/rien-ne-prouve-que-le-coronavirus-a-ete-cree-en-laboratoire-les-dessous-de-linfodemie-sur-le-covid-19-135326,2020-04-05T16:50:03+00:00,"La pandémie de Covid-19 qui ébranle nos systèmes de santé, nos économies et bouleverse nos habitudes est également à l’origine de ce que le Dr.",
721885,10.1038/nature10831,news,There is no evidence that the coronavirus was created in a laboratory,https://theconversation.com/there-is-no-evidence-that-the-coronavirus-was-created-in-a-laboratory-135870,2020-04-20T17:20:05+00:00,"The Covid-19 pandemic, which is disrupting our lives and shaking our health systems and economies, is at the root of what Dr.",
721885,10.1038/nature10831,news,MIL-OSI Global: There is no evidence that the coronavirus was created in a laboratory,https://foreignaffairs.co.nz/2020/04/21/there-is-no-evidence-that-the-coronavirus-was-created-in-a-laboratory-135870/,2020-04-20T17:49:21+00:00,"– By Eric Muraille, Biologiste, Immunologiste. Maître de recherches au FNRS, Université Libre de Bruxelles The pandemic, which is disrupting our lives and shaking our health systems and economies, is at the root of what Dr.",
721885,10.1038/nature10831,news,There is no evidence that the coronavirus was created in a laboratory,https://medicalxpress.com/news/2020-04-evidence-coronavirus-laboratory.html?src_id=alt,2020-04-21T14:05:15+00:00,"The COVID-19 pandemic, which is disrupting our lives and shaking our health systems and economies, is at the root of what Dr.",
721885,10.1038/nature10831,news,There is no evidence that the coronavirus was created in a laboratory. – Infosurhoy,https://infosurhoy.com/news-summary/there-is-no-evidence-that-the-coronavirus-was-created-in-a-laboratory/,2020-04-22T04:20:27+00:00,"The COVID-19 pandemic, which is disrupting our lives and shaking our health systems and economies, is at the root of what Dr.",
721885,10.1038/nature10831,news,Did this virus come from a lab? Maybe not — but it exposes the threat of a biowarfare arms race,https://www.rawstory.com/2020/04/did-this-virus-come-from-a-lab-maybe-not-but-it-exposes-the-threat-of-a-biowarfare-arms-race/,2020-04-24T10:11:16+00:00,"There is no scientific evidence that the novel coronavirus was bioengineered, but its origins are not entirely clear.",
721885,10.1038/nature10831,news,The pandemic has exposed the threat of a biowarfare arms race,https://www.salon.com/2020/04/24/did-this-virus-come-from-a-lab-maybe-not--but-it-exposes-the-threat-of-a-biowarfare-arms-race/,2020-04-24T10:00:01+00:00,"There is no scientific evidencethat the novel coronavirus was bioengineered, but its origins are not entirely clear.",
721885,10.1038/nature10831,news,News story from Newsweek on Monday 27 April 2020,,2020-04-27T19:34:09+00:00,,
721885,10.1038/nature10831,news,The Pandemic Risk of an Accidental Lab Leak of Enhanced Flu Virus: Unacceptably High,https://www.globalresearch.ca/pandemic-risk-accidental-lab-leak-enhanced-flu-virus/5717329,2020-06-29T13:51:01+00:00,"According to the World Health Organization, seasonal influenza viruses spread throughout the world in a year or two, infecting 10 to 25 percent of the world’s population and causing some 290,000 to 650,000 deaths.",
721885,10.1038/nature10831,news,Histoire de la Covid-19 – chapitre 2(partie 1) La face cachée du laboratoire P4 de Wuhan,http://www.francesoir.fr/politique-monde/histoire-de-la-covid-19-chapitre-2-partie-1-la-face-cachee-du-laboratoire-p4-de-wuhan,2020-08-28T08:14:56+00:00,"Où l'on apprend comment les recherches « gain-of-function » moralement interdites sont externalisée par les USA au laboratoire P4 de Wuhan construit par la France Ce chapitre est publié en deux parties, la première ce jour 28 aout 2020 et la seconde...",
721885,10.1038/nature10831,news,Research that Creates Pathogens of Pandemic Potential: Why Do It?,https://medium.com/@shinjieyong/research-that-creates-pathogens-of-pandemic-potential-why-do-it-24d2561dfef4,2020-09-14T14:07:24+00:00,Understanding the risk-benefit assessments behind gain-of-function experiments.,
721885,10.1038/nature10831,news,Why Risky Research that Enhances the Virulence of Pathogens Are Still Being Done,https://www.newsbreak.com/news/2183139382526/why-risky-research-that-enhances-the-virulence-of-pathogens-are-still-being-done,2021-03-16T09:23:54+00:00,Understanding the risk-benefit assessments behind controversial gain-of-function experiments.,
721885,10.1038/nature10831,news,What is gain of function? Research field back in focus as Covid linked to China ‘lab accident’,https://theprint.in/theprint-essential/what-is-gain-of-function-research-field-back-in-focus-as-covid-linked-to-china-lab-accident/662625/,2021-05-22T08:27:14+00:00,Gain of function research focuses on growing generations of microorganisms under conditions that cause mutations.,
721885,10.1038/nature10831,news,Lab leak is the biggest suspect in 1977 flu pandemic. But it took 3 decades to gain currency,https://theprint.in/science/lab-leak-is-the-biggest-suspect-in-1977-flu-pandemic-but-it-took-3-decades-to-gain-currency/669907/,2021-06-03T02:00:53+00:00,The 1977 pandemic — called the 'Russian Flu' — was caused by the Human influenza H1N1 virus.,
721885,10.1038/nature10831,news,Lab leak is the biggest suspect in 1977 flu pandemic. But it took 3 decades to gain currency,https://www.msn.com/en-in/news/other/lab-leak-is-the-biggest-suspect-in-1977-flu-pandemic-but-it-took-3-decades-to-gain-currency/ar-AAKElI1?li=AAgges1&srcref=rss,2021-06-03T03:21:14+00:00,"New Delhi: Over a year since the Covid pandemic wrought havoc around the world, there are increasing calls for a deeper investigation into claims that the virus behind it got leaked out of a Chinese lab.",
721885,10.1038/nature10831,news,The grave risk of lab-created potentially pandemic pathogens - Bulletin of the Atomic Scientists,https://thebulletin.org/2021/09/the-grave-risk-of-lab-created-potentially-pandemic-pathogens/,2021-09-09T10:00:59+00:00,Ferrets are frequently used to study human respiratory viruses. They are susceptible to some of the same pathogens like SARS-CoV-2 or influenza as people.,
721885,10.1038/nature10831,news,Should Work on the Coronavirus in Wuhan Be Considered ‘Gain-of-Function’ Research?,https://science.thewire.in/the-sciences/should-work-on-the-coronavirus-in-wuhan-be-considered-gain-of-function-research/,2021-09-28T10:29:45+00:00,A colorised scanning electron micrograph of a cell (teal and green) infected with SARS-CoV-2 virus particles (purple and pink).,
721885,10.1038/nature10831,news,Gain-of-function research: all in the eye of the beholder,https://www.salon.com/2021/09/28/gain-of-function-research-all-in-the-eye-of-the-beholder_partner/,2021-09-28T12:15:01+00:00,"In 2012, the National Institutes of Health (NIH) organized a meeting after two laboratories independently reported eye-opening results.",
721885,10.1038/nature10831,news,Why I Still Believe COVID-19 Could Not Have Originated in a Lab,https://www.medscape.com/viewarticle/961774?src=rss,2021-10-28T14:41:38+00:00,"Where did the Covid-19 pandemic come from? Almost since the beginning of the outbreak, a bitter and explosive controversy has raged over the origins of the novel coronavirus known as SARS-CoV-2.",
721885,10.1038/nature10831,news,‘Why I Still Believe SARS-CoV-2 Could Not Have Originated in a Lab’,https://science.thewire.in/the-sciences/why-i-still-believe-sars-cov-2-could-not-have-originated-in-a-lab/,2021-10-30T03:29:14+00:00,"Security personnel keep watch outside the Wuhan Institute of Virology, Hubei province, China, February 3, 2021.",
721885,10.1038/nature10831,news,Gain-of-function research: All in the eye of the beholder,https://www.asbmb.org/asbmb-today/policy/112121/gain-of-function-research-all-in-the-eye-of-the-be,2021-11-21T16:46:24+00:00,"In 2012, the National Institutes of Health (NIH) organized a meeting after two laboratories independently reported eye-opening results.",
721885,10.1038/nature10831,news,On The Quasispecies Origins Of SARS-CoV-2's Enigmatic Furin-Cleavage Site,https://www.zerohedge.com/covid-19/quasispecies-origins-sars-cov-2s-enigmatic-furin-cleavage-site,2021-12-07T02:00:00+00:00,"Via Harvard2TheBigHouse.Substack.com, A Grin Without a Cat Bottling-Up the Quasispecies Origins of SARS-CoV-2’s Enigmatic Furin-Cleavage Site.",
721885,10.1038/nature10831,news,Die „Gain-of-Function“ Forschung des Dr. Christian Drosten,https://civil.de/die-gain-of-function-forschung-des-dr-christian-drosten/,2022-02-13T16:00:13+00:00,"Der deutsche Corona-Papst Christian Drosten steht unter Verdacht, seine Beteiligung am Ursprung der Corona-Pandemie verschleiert zu haben.",
721885,10.1038/nature10831,news,"Gain-of-Function-Forschung: »Fehler bedeuten nicht gleich, dass ein Virus freigesetzt wird«",https://www.spektrum.de/news/covid-19-sind-gain-of-function-versuche-wichtig-oder-riskant/1986283,2022-02-14T12:00:00+00:00,"Gain-of-Function (GOF) ist ein Bereich der biomedizinischen Forschung, bei dem Wissenschaftler einen Organismus mit neuen Fähigkeiten ausstatten und prüfen, wie sich das auf seine Eigenschaften auswirkt.",
721885,10.1038/nature10831,news,"Burjánzanak a madárinfluenza-vírusok, és nagyon oda kell figyelni, hogy ne terjedjenek emberről emberre",https://www.msn.com/hu-hu/news/other/burj%C3%A1nzanak-a-mad%C3%A1rinfluenza-v%C3%ADrusok-%C3%A9s-nagyon-oda-kell-figyelni-hogy-ne-terjedjenek-emberr%C5%91l-emberre/ar-AAWYnfI?li=BBRUlyz&srcref=rss,2022-05-06T07:15:03+00:00,"Először okozott emberi megbetegedést az A(H3N8) madárinfluenza, jelentették be a múlt héten a kínai hatóságok, miközben az Egyesült Államokban éppen a legismertebb és legsúlyosabb madárinfluenza-vírus, az A(H5N1) okozott fertőzést.",
721885,10.1038/nature10831,news,News story from Sciences et Avenir on Monday 20 June 2022,,2022-06-20T13:16:57+00:00,,
721885,10.1038/nature10831,news,Il virus chimera non deve far troppa paura,https://www.repubblica.it/salute/2022/10/21/news/virus_creato_in_laboratorio_non_deve_fare_paura-370884916/?rss,2022-10-21T05:10:18+00:00,"Questa volta il virus costruito in laboratorio c'è davvero, e a crearlo negli Stati Uniti è stato un gruppo di ricercatori dell'Università di Boston guidati da Mohsan Saeed, un giovane ricercatore di origine pakistana.",
721885,10.1038/nature10831,news,Perché la variante del virus creata in laboratorio non deve farci troppa paura,https://insideheadline.com/perche-la-variante-del-virus-creata-in-laboratorio-non-deve-farci-troppa-paura/,2022-10-21T21:59:42+00:00,"Questa volta il virus costruito in laboratorio c’è davvero, e a crearlo negli Stati Uniti è stato un gruppo di ricercatori dell’Università di Boston guidati da Mohsan Saeed, un giovane ricercatore di origine pakistana.",
721885,10.1038/nature10831,news,"Yes, Scientists Made a Deadlier COVID Virus. No, It’s Not Bad.",https://www.thedailybeast.com/deadlier-omicron-covid-made-by-boston-university-researchers-is-not-as-bad-as-you-think?ref=home,2022-10-22T02:49:20+00:00,"A news story on a Boston University preprint has, predictably, sent right-wing pundits, politicians, and public health personalities into a tizzy over the possibility that government-funded research created a deadlier strain of COVID-19.",
721885,10.1038/nature10831,news,"Yes, Scientists Made a Deadlier COVID Virus. No, It’s Not Bad.",https://www.yahoo.com/now/yes-scientists-made-deadlier-covid-024920270.html,2022-10-22T02:49:20+00:00,"A news story on a Boston University preprint has, predictably, sent right-wing pundits, politicians, and public health personalities into a tizzy over the possibility that government-funded research created a deadlier strain of COVID-19.",
721885,10.1038/nature10831,news,"Yes, Scientists Made a Deadlier COVID Virus. No, It’s Not Bad.",https://uk.news.yahoo.com/yes-scientists-made-deadlier-covid-024920270.html,2022-10-22T02:49:20+00:00,"A news story on a Boston University preprint has, predictably, sent right-wing pundits, politicians, and public health personalities into a tizzy over the possibility that government-funded research created a deadlier strain of COVID-19.",
721885,10.1038/nature10831,news,"Yes, Scientists Made a Deadlier COVID Virus. No, It’s Not Bad.",https://dnyuz.com/2022/10/21/yes-scientists-made-a-deadlier-covid-virus-no-its-not-bad/,2022-10-22T03:15:07+00:00,"A news story on a Boston University preprint has, predictably, sent right-wing pundits, politicians, and public health personalities into a tizzy over the possibility that government-funded research created a deadlier strain of COVID-19.",
721885,10.1038/nature10831,news,Lab That Created Risky Avian Flu Had “Unacceptable” Biosafety Protocols,https://theintercept.com/2022/11/01/biosafety-avian-flu/,2022-11-01T16:10:55+00:00,"It started with a bold idea. “Someone finally convinced me to do something really, really stupid,” virologist Ron Fouchier told Scientific American in 2011.",
721885,10.1038/nature10831,news,H5N1: Warum die Vogelgrippe gefährlich ist  Fischblog,https://scilogs.spektrum.de/fischblog/warum-h5n1-vogelgrippe-gefaehrlich/?alm_mvr=0,2023-02-05T14:49:21+00:00,"Da sind wir mit Corona grad mal so halb durch, schon steht die Möglichkeit einer weiteren, noch tödlicheren Pandemie im Raum.",
721885,10.1038/nature10831,news,5 Opinion|Available evidence still points to covid originating from spillover,https://www.washingtonpost.com/opinions/2023/03/07/evidence-covid-origin-spillover/?itid=mr_opinions_5,2023-03-07T21:19:43+00:00,Angela Rasmussen is a virologist and principal research scientist at the Vaccine and Infectious Disease Organization at the University of Saskatchewan.,
721885,10.1038/nature10831,news,AskByGeeks | Opinion | Existing evidence still suggests covid stems from spillover,https://askbygeeks.com/covid19/467598/,2023-03-08T05:46:38+00:00,Angela Rasmussen is a virologist and principal research scientist in the Vaccines and Infectious Diseases Organization at the University of Saskatchewan.,
721885,10.1038/nature10831,news,Gain-Of-Function Research And Covid-19: Could Too Much Oversight Slow Progress?,https://www.forbes.com/sites/davewessner/2023/03/09/gain-of-function-research-and-covid-19-could-too-much-oversight-slow-progress/?ref=altdnt,2023-03-09T15:04:29+00:00,am EST|Press play to listen to this article! Got it! Infectious disease expert and biology professor Dave Wessner explores the scientific merit versus potential danger of experiments that change the genetic makeup of viruses and give them new...,
721885,10.1038/nature10831,news,Lo que hace falta para que el virus de la gripe aviar H5N1 se convierta en pandémico,https://theconversation.com/lo-que-hace-falta-para-que-el-virus-de-la-gripe-aviar-h5n1-se-convierta-en-pandemico-203518,2023-04-10T17:14:42+00:00,La preocupación por la expansión del virus de la gripe aviar H5N1 ha ido creciendo en los últimos meses.,
721885,10.1038/nature10831,news,Lo que hace falta para que el virus de la gripe aviar H5N1 se convierta en pandémico,https://www.lne.es/the-conversation/2023/04/11/falta-virus-gripe-aviar-h5n1-85856239.html,2023-04-11T07:20:29+00:00,"Ignacio López-Goñi MIembro de la SEM (Sociedad Española de Microbiología) y Catedrático de Microbiología, Universidad de Navarra 11·04·23 | 09:20 Veterinarios analizan un pato para comprobar si está infectado de gripe aviar.",
721885,10.1038/nature10831,news,Los factores que podrían convertir el virus de la gripe aviar en pandémico,https://www.ondacero.es/noticias/sociedad/factores-que-podrian-convertir-virus-gripe-aviar-pandemico_20230411643531452f8deb0001435749.html,2023-04-11T10:07:01+00:00,La preocupación por la expansión del virus de la gripe aviar H5N1 ha ido creciendo en los últimos meses.,
721885,10.1038/nature10831,news,¿El virus de la gripe aviar H5N1 podría provocar una pandemia?,https://www.lasexta.com/constantes-vitales/noticias/virus-gripe-aviar-h5n1-podria-provocar-pandemia_20230411643527297e9ad3000160cfcf.html,2023-04-11T09:29:38+00:00,"Para que el virus de la gripe aviar H5N1 acabase siendo pandémico debería mejorar su capacidad para transmitirse por vía aérea entre mamíferos, adquirir mayor destreza a la hora de meterse dentro de las células humanas y multiplicarse en su interior...",
721885,10.1038/nature10831,news,Lo que hace falta para que el virus de la gripe aviar H5N1 se convierta en pandémico,https://www.elmostrador.cl/agenda-pais/2023/04/13/lo-que-hace-falta-para-que-el-virus-de-la-gripe-aviar-h5n1-se-convierta-en-pandemico/,2023-04-13T11:14:41+00:00,La preocupación por la expansión del virus de la gripe aviar H5N1 ha ido creciendo en los últimos meses.,
721885,10.1038/nature10831,news,¿Qué hace falta para que el virus H5N1 de la gripe aviar se convierta en una pandemia? - La Tercera,https://www.latercera.com/que-pasa/noticia/que-hace-falta-para-que-el-virus-h5n1-de-la-gripe-aviar-se-convierta-en-una-pandemia/3IQB2MLGOVBEJOATVXLDMIZNS4/,2023-04-29T18:44:34+00:00,La preocupación por la expansión del virus de la gripe aviar H5N1 ha ido creciendo en los últimos meses.,
721885,10.1038/nature10831,news,Gain-of-function research is more than just tweaking risky viruses – it's a routine and essential tool in all biology research,https://news.yahoo.com/gain-function-research-more-just-121830821.html,2023-05-08T12:18:30+00:00,The term “gain of function” is often taken to refer to research with viruses that puts society at risk of an infectious disease outbreak for questionable gain.,
721885,10.1038/nature10831,news,Gain-of-function research is more than just tweaking risky viruses – it's a routine and essential tool in all biology research,https://www.houstonchronicle.com/news/article/gain-of-function-research-is-more-than-just-18085465.php,2023-05-08T13:01:56+00:00,"(The Conversation is an independent and nonprofit source of news, analysis and commentary from academic experts.) Seema Lakdawala, University of Pittsburgh and Anice Lowen, Emory University (THE CONVERSATION) The term “gain of function” is often...",
721885,10.1038/nature10831,news,Gain-of-function research is more than just tweaking risky viruses – it’s a routine and essential tool in all biology research,https://theconversation.com/gain-of-function-research-is-more-than-just-tweaking-risky-viruses-its-a-routine-and-essential-tool-in-all-biology-research-202084,2023-05-08T12:18:30+00:00,The term “gain of function” is often taken to refer to research with viruses that puts society at risk of an infectious disease outbreak for questionable gain.,
721885,10.1038/nature10831,news,Gain-of-function research is more than just tweaking risky viruses – it's a routine and essential tool in all biology research,https://www.sfgate.com/news/article/gain-of-function-research-is-more-than-just-18085465.php,2023-05-08T13:01:56+00:00,"(The Conversation is an independent and nonprofit source of news, analysis and commentary from academic experts.) Seema Lakdawala, University of Pittsburgh and Anice Lowen, Emory University (THE CONVERSATION) The term “gain of function” is often...",
721885,10.1038/nature10831,news,Gain-of-function research is more than just tweaking risky viruses – it's a routine and essential tool in all biology research,https://www.seattlepi.com/news/article/gain-of-function-research-is-more-than-just-18085465.php,2023-05-08T13:01:56+00:00,"(The Conversation is an independent and nonprofit source of news, analysis and commentary from academic experts.) (THE CONVERSATION) The term “gain of function” is often taken to refer to research with viruses that puts society at risk of an...",
721885,10.1038/nature10831,news,Gain-of-function research is more than just tweaking risky viruses – it's a routine and essential tool in all biology research,https://www.expressnews.com/news/article/gain-of-function-research-is-more-than-just-18085465.php,2023-05-08T13:01:56+00:00,(THE CONVERSATION) The term “gain of function” is often taken to refer to research with viruses that puts society at risk of an infectious disease outbreak for questionable gain.,
721885,10.1038/nature10831,news,Gain-of-function research is more than just tweaking risky viruses – it's a routine and essential tool in all biology research,https://bismarcktribune.com/lifestyles/health-med-fit/gain-of-function-research-is-more-than-just-tweaking-risky-viruses-its-a-routine-and/article_2a82f597-f1e0-5b00-8f54-8c66774f2734.html,2023-05-08T13:01:56+00:00,"(The Conversation is an independent and nonprofit source of news, analysis and commentary from academic experts.) (THE CONVERSATION) The term “gain of function” is often taken to refer to research with viruses that puts society at risk of an...",
721885,10.1038/nature10831,news,Gain-of-function research is more than just tweaking risky viruses – it's a routine and essential tool in all biology research,https://qconline.com/lifestyles/health-med-fit/gain-of-function-research-is-more-than-just-tweaking-risky-viruses-its-a-routine-and/article_99ddf3aa-2863-5da9-a9cd-0c1bef6b8fd0.html,2023-05-08T13:01:56+00:00,"(The Conversation is an independent and nonprofit source of news, analysis and commentary from academic experts.) (THE CONVERSATION) The term “gain of function” is often taken to refer to research with viruses that puts society at risk of an...",
721885,10.1038/nature10831,news,Gain-of-function research is more than just tweaking risky viruses – it's a routine and essential tool in all biology research,https://www.nwitimes.com/lifestyles/health-med-fit/gain-of-function-research-is-more-than-just-tweaking-risky-viruses-its-a-routine-and/article_956be167-e195-5b27-b8da-52baffe7204d.html,2023-05-08T13:01:56+00:00,"(The Conversation is an independent and nonprofit source of news, analysis and commentary from academic experts.) Seema Lakdawala, University of Pittsburgh and Anice Lowen, Emory University (THE CONVERSATION) The term “gain of function” is often...",
721885,10.1038/nature10831,news,Gain-of-function research is more than just tweaking risky viruses – it's a routine and essential tool in all biology research,https://www.stltoday.com/lifestyles/health-med-fit/gain-of-function-research-is-more-than-just-tweaking-risky-viruses-its-a-routine-and/article_93bff3c2-2da9-5aff-bc01-1224d8273ca4.html,2023-05-08T13:01:56+00:00,"(The Conversation is an independent and nonprofit source of news, analysis and commentary from academic experts.) Seema Lakdawala, University of Pittsburgh and Anice Lowen, Emory University (THE CONVERSATION) The term “gain of function” is often...",
721885,10.1038/nature10831,news,Gain-of-function research is more than just tweaking risky viruses – it's a routine and essential tool in all biology research,https://tucson.com/lifestyles/health-med-fit/gain-of-function-research-is-more-than-just-tweaking-risky-viruses-its-a-routine-and/article_63832366-c814-5601-a051-1dae450e32ea.html,2023-05-08T13:01:56+00:00,"(The Conversation is an independent and nonprofit source of news, analysis and commentary from academic experts.) (THE CONVERSATION) The term “gain of function” is often taken to refer to research with viruses that puts society at risk of an...",
721885,10.1038/nature10831,news,Gain-of-function research is more than just tweaking risky viruses – it's a routine and essential tool in all biology research,https://beatricedailysun.com/lifestyles/health-med-fit/gain-of-function-research-is-more-than-just-tweaking-risky-viruses-its-a-routine-and/article_b3deeb5f-66c6-5532-aa09-8890a843f756.html,2023-05-08T13:01:56+00:00,"(The Conversation is an independent and nonprofit source of news, analysis and commentary from academic experts.) (THE CONVERSATION) The term “gain of function” is often taken to refer to research with viruses that puts society at risk of an...",
721885,10.1038/nature10831,news,Gain-of-function research is more than just tweaking risky viruses – it's a routine and essential tool in all biology research,https://billingsgazette.com/lifestyles/health-med-fit/gain-of-function-research-is-more-than-just-tweaking-risky-viruses-its-a-routine-and/article_16115f70-bcae-52ff-be13-0b0fcae150a5.html,2023-05-08T13:01:56+00:00,"(The Conversation is an independent and nonprofit source of news, analysis and commentary from academic experts.) Seema Lakdawala, University of Pittsburgh and Anice Lowen, Emory University (THE CONVERSATION) The term “gain of function” is often...",
721885,10.1038/nature10831,news,Gain-of-function research is more than just tweaking risky viruses – it's a routine and essential tool in all biology research,https://columbustelegram.com/lifestyles/health-med-fit/gain-of-function-research-is-more-than-just-tweaking-risky-viruses-its-a-routine-and/article_91e89c6c-e6af-5f9d-8a05-41b06cc32b1c.html,2023-05-08T13:01:56+00:00,"(The Conversation is an independent and nonprofit source of news, analysis and commentary from academic experts.) (THE CONVERSATION) The term “gain of function” is often taken to refer to research with viruses that puts society at risk of an...",
721885,10.1038/nature10831,news,Gain-of-function research is more than just tweaking risky viruses – it's a routine and essential tool in all biology research,https://helenair.com/lifestyles/health-med-fit/gain-of-function-research-is-more-than-just-tweaking-risky-viruses-its-a-routine-and/article_8636643c-fbea-5e17-9db1-bae44724a15b.html,2023-05-08T13:01:56+00:00,"(The Conversation is an independent and nonprofit source of news, analysis and commentary from academic experts.) Seema Lakdawala, University of Pittsburgh and Anice Lowen, Emory University (THE CONVERSATION) The term “gain of function” is often...",
721885,10.1038/nature10831,news,News story from Heral&review on Monday 08 May 2023,,2023-05-08T13:01:56+00:00,,
721885,10.1038/nature10831,news,Gain-of-function research is more than just tweaking risky viruses – it's a routine and essential tool in all biology research,https://missoulian.com/lifestyles/health-med-fit/gain-of-function-research-is-more-than-just-tweaking-risky-viruses-its-a-routine-and/article_f8d93852-6009-5977-b8be-6f5e70d70189.html,2023-05-08T13:01:56+00:00,"(The Conversation is an independent and nonprofit source of news, analysis and commentary from academic experts.) (THE CONVERSATION) The term “gain of function” is often taken to refer to research with viruses that puts society at risk of an...",
721885,10.1038/nature10831,news,Gain-of-function research is more than just tweaking risky viruses – it's a routine and essential tool in all biology research,https://buffalonews.com/lifestyles/health-med-fit/gain-of-function-research-is-more-than-just-tweaking-risky-viruses-its-a-routine-and/article_2de131a7-8cde-5c09-865d-ff229e0772e0.html,2023-05-08T13:01:56+00:00,"(The Conversation is an independent and nonprofit source of news, analysis and commentary from academic experts.) (THE CONVERSATION) The term “gain of function” is often taken to refer to research with viruses that puts society at risk of an...",
721885,10.1038/nature10831,news,Gain-of-function research is more than just tweaking risky viruses – it's a routine and essential tool in all biology research,https://dailyjournalonline.com/lifestyles/health-med-fit/gain-of-function-research-is-more-than-just-tweaking-risky-viruses-its-a-routine-and/article_710453e0-ca4e-5280-a661-10b9451f2f40.html,2023-05-08T13:01:56+00:00,"(The Conversation is an independent and nonprofit source of news, analysis and commentary from academic experts.) Seema Lakdawala, University of Pittsburgh and Anice Lowen, Emory University (THE CONVERSATION) The term “gain of function” is often...",
721885,10.1038/nature10831,news,Gain-of-function research is more than just tweaking risky viruses – it's a routine and essential tool in all biology research,https://rapidcityjournal.com/lifestyles/health-med-fit/gain-of-function-research-is-more-than-just-tweaking-risky-viruses-its-a-routine-and/article_565677d2-3dbe-5ec2-adcc-135892ae6d68.html,2023-05-08T13:01:56+00:00,"(The Conversation is an independent and nonprofit source of news, analysis and commentary from academic experts.) Seema Lakdawala, University of Pittsburgh and Anice Lowen, Emory University (THE CONVERSATION) The term “gain of function” is often...",
721885,10.1038/nature10831,news,Gain-of-function research is more than just tweaking risky viruses – it's a routine and essential tool in all biology research,https://journalstar.com/lifestyles/health-med-fit/gain-of-function-research-is-more-than-just-tweaking-risky-viruses-its-a-routine-and/article_29442e09-4e58-53ca-bac4-35a3dd18e8af.html,2023-05-08T13:01:56+00:00,"(The Conversation is an independent and nonprofit source of news, analysis and commentary from academic experts.) Seema Lakdawala, University of Pittsburgh and Anice Lowen, Emory University (THE CONVERSATION) The term “gain of function” is often...",
721885,10.1038/nature10831,news,Gain-of-function research is more than just tweaking risky viruses – it’s a routine and essential tool in all biology research,https://newsazi.com/gain-of-function-research-is-more-than-just-tweaking-risky-viruses-its-a-routine-and-essential-tool-in-all-biology-research/,2023-05-08T13:48:16+00:00,,
721885,10.1038/nature10831,news,Gain-of-function research is more than just tweaking risky viruses – it's a routine and essential tool in all biology research,https://tdn.com/lifestyles/health-med-fit/gain-of-function-research-is-more-than-just-tweaking-risky-viruses-its-a-routine-and/article_c8e9c019-557f-55d5-842f-cc83d4edcbc9.html,2023-05-08T13:01:56+00:00,"(The Conversation is an independent and nonprofit source of news, analysis and commentary from academic experts.) Seema Lakdawala, University of Pittsburgh and Anice Lowen, Emory University (THE CONVERSATION) The term “gain of function” is often...",
721885,10.1038/nature10831,news,Gain-of-function research is more than just tweaking risky viruses – it's a routine and essential tool in all biology research,https://www.wfmz.com/lifestyles/health-med-fit/gain-of-function-research-is-more-than-just-tweaking-risky-viruses-its-a-routine-and/article_a70b6491-7629-56fb-9b4f-64617f9dcb96.html,2023-05-08T13:01:56+00:00,"(The Conversation is an independent and nonprofit source of news, analysis and commentary from academic experts.) Seema Lakdawala, University of Pittsburgh and Anice Lowen, Emory University (THE CONVERSATION) The term “gain of function” is often...",
721885,10.1038/nature10831,news,Gain-of-function research is more than just tweaking risky viruses – it's a routine and essential tool in all biology research,https://thesouthern.com/lifestyles/health-med-fit/gain-of-function-research-is-more-than-just-tweaking-risky-viruses-its-a-routine-and/article_a007afdd-7ab7-5432-aa18-b3f40a066021.html,2023-05-08T13:01:56+00:00,"(The Conversation is an independent and nonprofit source of news, analysis and commentary from academic experts.) (THE CONVERSATION) The term “gain of function” is often taken to refer to research with viruses that puts society at risk of an...",
721885,10.1038/nature10831,news,Gain-of-function research is more than just tweaking risky viruses – it's a routine and essential tool in all biology research,https://www.idahopress.com/opinion/conversation/gain-of-function-research-is-more-than-just-tweaking-risky-viruses-its-a-routine-and/article_aee39dab-5239-55c0-9a99-8b4aa0738077.html,2023-05-08T13:01:56+00:00,"(The Conversation is an independent and nonprofit source of news, analysis and commentary from academic experts.) Seema Lakdawala, University of Pittsburgh and Anice Lowen, Emory University (THE CONVERSATION) The term “gain of function” is often...",
721885,10.1038/nature10831,news,Gain-of-function research is more than just tweaking risky viruses – it’s a routine and essential tool in all biology research,https://www.philstockworld.com/2023/05/08/gain-of-function-research-is-more-than-just-tweaking-risky-viruses-its-a-routine-and-essential-tool-in-all-biology-research/,2023-05-08T18:09:00+00:00,Gain-of-function research is more than just tweaking risky viruses – it’s a routine and essential tool in all biology research Gain-of-function experiments in the lab can help researchers get ahead of viruses naturally gaining the ability to infect...,
721885,10.1038/nature10831,news,"Gain-of-function research is a routine and essential tool in all biology research, say scientists",https://phys.org/news/2023-05-gain-of-function-routine-essential-tool-biology.html,2023-05-09T00:00:00+00:00,"The term ""gain of function"" is often taken to refer to research with viruses that puts society at risk of an infectious disease outbreak for questionable gain.",
721885,10.1038/nature10831,news,Animals and AI help scientists study pandemics,https://www.popsci.com/environment/animals-and-ai-help-scientists-study-pandemics/,2023-06-25T22:00:00+00:00,"For decades, scientists have studied non-human animals to better understand infectious diseases.",
721885,10.1038/nature10831,news,Avian Influenza In Cattle And A Person Prompts Health Advisory From CDC,http://ct.moreover.com/?a=53589369060&p=1pl&v=1&x=Xd9PxaTuN_L1mHfB9gdzYQ,2024-04-16T20:32:24+00:00,"pm EDT Since late March, highly pathogenic avian influenza has been identified in cattle throughout the United States.",
721885,10.1038/nature10831,news,La grippe aviaire chez les bovins et une personne appelle un avis de santé du CDC,http://ct.moreover.com/?a=53589531156&p=1pl&v=1&x=0tJQYPk70g2tBhbYERHk0g,2024-04-16T20:52:26+00:00,"Depuis fin mars, la grippe aviaire a été signalée chez des bovins dans huit États.",
721885,10.1038/nature10831,news,牛と人に鳥インフルエンザが発生、CDCから健康勧告 - Nipponese,https://www.nipponese.news/%e7%89%9b%e3%81%a8%e4%ba%ba%e3%81%ab%e9%b3%a5%e3%82%a4%e3%83%b3%e3%83%95%e3%83%ab%e3%82%a8%e3%83%b3%e3%82%b6%e3%81%8c%e7%99%ba%e7%94%9f%e3%80%81cdc%e3%81%8b%e3%82%89%e5%81%a5%e5%ba%b7%e5%8b%a7/,2024-04-17T06:07:25+00:00,1713334044 2024-04-16 20:32:24 3月下旬以来、米国全土の牛で高病原性鳥インフルエンザが確認されている。 感染した家畜と接触した後、少なくとも1人が検査で陽性反応を示した。 これに応じて、いくつかの州は牛の州間輸送を制限し始めた。 そしてその CDCは健康勧告を発行...,
721885,10.1038/nature10831,news,The Bird-Flu Host We Should Worry About,http://ct.moreover.com/?a=53857122490&p=1pl&v=1&x=6NAKK5Pt4wIUcqhF8tlFzA,2024-05-20T11:01:57+00:00,"Pigs have a track record of hosting flu viruses that jump to us. Of all the creatures stricken with this new and terrible H5N1 flu—the foxes, the bears, the eagles, ducks, chickens, and many other birds—dairy cattle are some of the most intimate...",
721885,10.1038/nature10831,news,The Bird-Flu Host We Should Worry About,http://ct.moreover.com/?a=53857033450&p=1pl&v=1&x=ieoBBmfFXwjXgNncvjpxDA,2024-05-20T11:10:21+00:00,Of all the creatures stricken with this new and terrible H5N1 flu——dairy cattle are some of the most intimate with us.,
721885,10.1038/nature10831,news,Gain-of-Function May Explain Bird Flu Jump To Cows And Humans,http://ct.moreover.com/?a=53948561064&p=1pl&v=1&x=kBrhTBedtc5fOoEKVlvQIQ,2024-05-31T19:02:22+00:00,"Authored by Yuhong Dong, M.D., Ph.D. and Xiaoxu Sean Lin, M.D., Ph.D. via The Epoch Times, (Illustration by The Epoch Times, Shutterstock) In the past six months, bird flu has surprised scientists at least twice.",
721885,10.1038/nature10831,news,The World Got Lucky With the Previous Flu Pandemic,http://ct.moreover.com/?a=54002300137&p=1pl&v=1&x=RwNnDxBQT18QmgXeui59nA,2024-06-07T14:10:43+00:00,The world has been through multiple flu pandemics. That doesn’t mean it’s any more prepared.,
721885,10.1038/nature10831,news,鳥インフルエンザのパンデミックはどれほどひどいものになるでしょうか? - Nipponese,https://www.nipponese.news/%e9%b3%a5%e3%82%a4%e3%83%b3%e3%83%95%e3%83%ab%e3%82%a8%e3%83%b3%e3%82%b6%e3%81%ae%e3%83%91%e3%83%b3%e3%83%87%e3%83%9f%e3%83%83%e3%82%af%e3%81%af%e3%81%a9%e3%82%8c%e3%81%bb%e3%81%a9%e3%81%b2%e3%81%a9/,2024-06-07T19:23:16+00:00,2024年6月7日午後12時5分更新 最近のインフルエンザの大流行、2009年のH1N1「豚インフルエンザ」は、絶対的な意味で公衆衛生上の危機でした。科学者たちは 最高 見積り世界中でおよそ20万人から30万人が死亡し、さらに数え切れないほどの人々が病気になりました。 子供、若者...,
721885,10.1038/nature10831,news,The Gates Foundation “awarded $9.5 million to UW-Madison to make H5N1 bird flu transmissible to humans.”,http://ct.moreover.com/?a=54171331234&p=1pl&v=1&x=ubrRPU93Cav5gFW-xxRY3Q,2024-06-28T20:32:18+00:00,"PolitiFact | No, the Gates Foundation didn’t fund research to make the ‘bird flu transmissible to humans’ Stand up for the facts! Our only agenda is to publish the truth so you can be an informed participant in democracy.",
721885,10.1038/nature10831,news,Bird flu claims targeting Bill Gates feed conspiracy theories,http://ct.moreover.com/?a=54208251529&p=1pl&v=1&x=8l6jLoFXwrKJm7pCKKAUFw,2024-07-03T16:47:34+00:00,"Amid fears of bird flu spreading to other species, social media posts and articles claim the Bill & Melinda Gates Foundation funded University of Wisconsin research to make the virus transmissible to humans, some implying an intentional effort to...",
721885,10.1038/nature10831,news,Bird flu claims targeting Bill Gates feed conspiracy theories,http://ct.moreover.com/?a=54208276482&p=1pl&v=1&x=dB0P3PxkZxhQMsHo0At6VA,2024-07-03T16:47:34+00:00,"Amid fears of bird flu spreading to other species, social media posts and articles claim the Bill & Melinda Gates Foundation funded University of Wisconsin research to make the virus transmissible to humans, some implying an intentional effort to...",
721885,10.1038/nature10831,news,Bird flu claims targeting Bill Gates feed conspiracy theories,http://ct.moreover.com/?a=54208278817&p=1pl&v=1&x=-iYJxG3GR90N_nLfKvrLQA,2024-07-03T16:47:34+00:00,"Amid fears of bird flu spreading to other species, social media posts and articles claim the Bill & Melinda Gates Foundation funded University of Wisconsin research to make the virus transmissible to humans, some implying an intentional effort to...",
721885,10.1038/nature10831,news,News story from Luxembourger Wort on Sunday 07 July 2024,,2024-07-07T13:00:00+00:00,,
721885,10.1038/nature10831,news,"Nature Sets Barriers To Risky Viruses, While China's Gain-of-Function Study Is Breaking Them",http://ct.moreover.com/?a=54241316212&p=1pl&v=1&x=hlnK1G8fWa8V0NtNl2YIpQ,2024-07-08T02:12:55+00:00,"Authored by Yuhong Dong M.D., Ph.D. via The Epoch Times (emphasis ours), We’re not afraid of the tigers in the zoo because we trust they cannot attack.",
721885,10.1038/nature10831,news,Corona: USA verschärfen Regeln für gefährliche Virusforschung – und Deutschland?,http://ct.moreover.com/?a=54918864196&p=1pl&v=1&x=kGS11ViMK6uWmDgnrFS8lg,2024-10-01T11:03:56+00:00,"Auch in Deutschland, etwa an der Berliner Charité, findet die umstrittene Gain-of-function-Forschung statt.",
721885,10.1038/nature10831,news,Bird Flu Virus Is One Mutation Away from Binding More Efficiently to Human Cells,http://ct.moreover.com/?a=55475169812&p=1pl&v=1&x=q9HVMRja8xK1WqJehnp-yA,2024-12-05T19:00:00+00:00,"December 5, 2024 5 min read A new study finds tweaking part of the H5N1 virus infecting dairy cows in a single spot could allow it to better attach to human cell receptors, raising concerns it could transmit more easily between people Scientists...",
721885,10.1038/nature10831,news,Bird flu virus is one mutation away from binding more efficiently to human cells,http://ct.moreover.com/?a=55479949667&p=1pl&v=1&x=KTa_IHRu9_pu1VL-bQXFnQ,2024-12-06T09:13:55+00:00,"A new study finds tweaking part of the H5N1 virus infecting dairy cows in a single spot could allow it to better attach to human cell receptors, raising concerns it could transmit more easily between people Scientists have discovered that H5N1, the...",
721885,10.1038/nature10831,news,News story from Los Angeles Times on Tuesday 24 December 2024,,2024-12-24T11:00:09+00:00,,
721885,10.1038/nature10831,news,Why scientists say we are fighting H5N1 bird flu with one hand tied behind our backs,http://ct.moreover.com/?a=55621337757&p=1pl&v=1&x=jMBa3xsA-CA9Wd6PD2p6TA,2024-12-24T11:00:09+00:00,"As the H5N1 bird flu virus steamrolls its way across the globe — killing wild animals, commercial livestock and even some people — scientists and health officials fear we're on the precipice of another global pandemic.",
721885,10.1038/nature10831,news,Why scientists say we are fighting H5N1 bird flu with one hand tied behind our backs,http://ct.moreover.com/?a=55621351619&p=1pl&v=1&x=ybDQ2MIK_hSEPtAG46-vOg,2024-12-24T11:00:09+00:00,"As the H5N1 bird flu virus steamrolls its way across the globe — killing wild animals, commercial livestock and even some people — scientists and health officials fear we're on the precipice of another global pandemic.",
721885,10.1038/nature10831,news,Why scientists say we are fighting H5N1 bird flu with one hand tied behind our backs,http://ct.moreover.com/?a=55621382448&p=1pl&v=1&x=a5JZfSZIsSbCnD-4nsEmjA,2024-12-24T11:00:09+00:00,"As the H5N1 bird flu virus steamrolls its way across the globe — killing wild animals, commercial livestock and even some people — scientists and health officials fear we're on the precipice of another global pandemic.",
721885,10.1038/nature10831,news,Why scientists say we are fighting H5N1 bird flu with one hand tied behind our backs,http://ct.moreover.com/?a=55621529287&p=1pl&v=1&x=yGV8-aPDZ7OEP4ihw5ndKg,2024-12-24T11:00:09+00:00,"As the H5N1 bird flu virus steamrolls its way across the globe — killing wild animals, commercial livestock and even some people — scientists and health officials fear we're on the precipice of another global pandemic.",
721885,10.1038/nature10831,news,Genetic diversity of H9N2 avian influenza viruses in poultry across China and implications for zoonotic transmission – RawNews,https://rawnews.com/genetic-diversity-of-h9n2-avian-influenza-viruses-in-poultry-across-china-and-implications-for-zoonotic-transmission/,2025-06-03T20:12:32+00:00,"Bi, Y. et al. CASCIRE surveillance network and work on avian influenza viruses.",
721885,10.1038/nature10831,news,Gain-of-function research is more than just tweaking risky viruses – it’s a routine and essential tool in all biology research,http://ct.moreover.com/?a=57241278236&p=1pl&v=1&x=q1XlPrOGqSs6OohfFo_ncw,2025-07-17T22:00:29+00:00,"By Seema Lakdawala, University of Pittsburgh (The Conversation is an independent and nonprofit source of news, analysis and commentary from academic experts.) (THE CONVERSATION) In May 2025, President Donald Trump signed an executive order to...",
721885,10.1038/nature10831,news,Gain-of-function research is more than just tweaking risky viruses – it’s a routine and essential tool in all biology research,http://ct.moreover.com/?a=57241283694&p=1pl&v=1&x=Dky9qaF5NUpAMFha3xGMlA,2025-07-17T22:00:29+00:00,"(The Conversation is an independent and nonprofit source of news, analysis and commentary from academic experts.) Seema Lakdawala, University of Pittsburgh and Anice Lowen, Emory University (THE CONVERSATION) In May 2025, President Donald Trump...",
721885,10.1038/nature10831,news,Gain-of-function research is more than just tweaking risky viruses – it’s a routine and essential tool in all biology research,http://ct.moreover.com/?a=57241289971&p=1pl&v=1&x=wR45r9IGwHMJ_X7SSk3AqA,2025-07-17T22:00:29+00:00,"(The Conversation is an independent and nonprofit source of news, analysis and commentary from academic experts.) Seema Lakdawala, University of Pittsburgh and Anice Lowen, Emory University (THE CONVERSATION) In May 2025, President Donald Trump...",
721885,10.1038/nature10831,news,Gain-of-function research is more than just tweaking risky viruses – it’s a routine and essential tool in all biology research,http://ct.moreover.com/?a=57241297072&p=1pl&v=1&x=vpdKYxTo8iFODAItdFeYlQ,2025-07-17T22:00:29+00:00,"(The Conversation is an independent and nonprofit source of news, analysis and commentary from academic experts.) Seema Lakdawala, University of Pittsburgh and Anice Lowen, Emory University (THE CONVERSATION) In May 2025, President Donald Trump...",
721885,10.1038/nature10831,news,Gain-of-function research is more than just tweaking risky viruses – it’s a routine and essential tool in all biology research,http://ct.moreover.com/?a=57241311426&p=1pl&v=1&x=7PZ2wBADBWUhqevHRHHVtg,2025-07-17T22:00:29+00:00,"(The Conversation is an independent and nonprofit source of news, analysis and commentary from academic experts.) (THE CONVERSATION) In May 2025, President Donald Trump signed an executive order to restrict research on viruses and pathogens called...",
721885,10.1038/nature10831,news,Gain-of-function research is more than just tweaking risky viruses – it’s a routine and essential tool in all biology research,http://ct.moreover.com/?a=57241316291&p=1pl&v=1&x=gogz64I_QAY8hOa3Vxu6tA,2025-07-17T22:00:29+00:00,"(The Conversation is an independent and nonprofit source of news, analysis and commentary from academic experts.) (THE CONVERSATION) In May 2025, President Donald Trump signed an executive order to restrict research on viruses and pathogens called...",
721885,10.1038/nature10831,news,Gain-of-function research is more than just tweaking risky viruses – it’s a routine and essential tool in all biology research,http://ct.moreover.com/?a=57241324170&p=1pl&v=1&x=tTqcTqj3SwcVN-LgjBz1uw,2025-07-17T22:00:29+00:00,"(The Conversation is an independent and nonprofit source of news, analysis and commentary from academic experts.) Seema Lakdawala, University of Pittsburgh and Anice Lowen, Emory University (THE CONVERSATION) In May 2025, President Donald Trump...",
721885,10.1038/nature10831,news,Gain-of-function research is more than just tweaking risky viruses – it’s a routine and essential tool in all biology research,http://ct.moreover.com/?a=57241643072&p=1pl&v=1&x=nRZTJIpo3pmBkUczGfJpvA,2025-07-17T22:00:29+00:00,"(The Conversation is an independent and nonprofit source of news, analysis and commentary from academic experts.) Seema Lakdawala, University of Pittsburgh and Anice Lowen, Emory University (THE CONVERSATION) In May 2025, President Donald Trump...",
721885,10.1038/nature10831,news,Predictiveness and drivers of highly pathogenic avian influenza outbreaks in Europe – RawNews,https://rawnews.com/predictiveness-and-drivers-of-highly-pathogenic-avian-influenza-outbreaks-in-europe/,2025-07-18T18:43:50+00:00,"Hippocrates, et al. Hippocrates on Airs, Waters and Places (Wyman & Sons, 1881).",
721885,10.1038/nature10831,news,Ciência atacada: entenda pesquisas com vírus que Trump quer restringir,http://ct.moreover.com/?a=57285796230&p=1pl&v=1&x=9OD4GZlIijJi_OEkkIy_pw,2025-07-23T21:06:18+00:00,"*O artigo foi escrito pelo professor de microbiologia e imunologia Seema Lakdawala, das universidades de Emory e Pittsburgh, e pela professora de microbiologia e imunologia Anice Lowen, da Universidade de Emory, nos Estados Unidos, e publicado na...",
721885,10.1038/nature10831,news,Ciência atacada: entenda pesquisas com vírus que Trump quer restringir,http://ct.moreover.com/?a=57286080870&p=1pl&v=1&x=29xF4OvOOycMiUcF3ncCdg,2025-07-23T21:47:50+00:00,"*O artigo foi escrito pelo professor de microbiologia e imunologia Seema Lakdawala, das universidades de Emory e Pittsburgh, e pela professora de microbiologia e imunologia Anice Lowen, da Universidade de Emory, nos Estados Unidos, e publicado na...",
721885,10.1038/nature10831,policy,"Emerging and Readily Available Technologies and National Security: A Framework for Addressing Ethical, Legal, and Societal Issues",https://www.nap.edu/download/18512,2014-01-01T00:00:00+00:00,,
721885,10.1038/nature10831,policy,"Perspectives on Research with H5N1 Avian Influenza: Scientific Inquiry, Communication, Controversy: Summary of a Workshop",https://www.nap.edu/download/18255,2013-01-01T00:00:00+00:00,,
721885,10.1038/nature10831,policy,Potential Risks and Benefits of Gain-of-Function Research: Summary of a Workshop,https://www.nap.edu/download/21666,2015-01-01T00:00:00+00:00,,
721885,10.1038/nature10831,policy,Directed Evolution for Development and Production of Bioactive Agents: A Meeting Summary,https://www.nap.edu/download/18354,2013-01-01T00:00:00+00:00,,
721885,10.1038/nature10831,policy,Biosafety recommendations for work with influenza viruses containing a hemagglutinin from the A/goose/Guangdong/1/96 lineage,https://stacks.cdc.gov/view/cdc/13731/cdc_13731_DS1.pdf,2013-06-28T00:00:00+00:00,,
721885,10.1038/nature10831,policy,Emerging Viral Diseases: The One Health Connection: Workshop Summary,https://www.nap.edu/download/18975,2015-01-01T00:00:00+00:00,,
721885,10.1038/nature10831,policy,A Proposed Framework for Identifying Potential Biodefense Vulnerabilities Posed by Synthetic Biology: Interim Report,https://www.nap.edu/download/24832,2017-01-01T00:00:00+00:00,,
721885,10.1038/nature10831,policy,WHO public health research agenda for influenza: reducing the risk of emergence of a pandemic influenza,https://iris.who.int/bitstream/10665/259891/1/WHO-WHE-IHM-GIP-2017.4-eng.pdf,2018-01-22T16:19:42+00:00,,
721885,10.1038/nature10831,policy,"Innovation: managing risk, not avoiding it - evidence and case studies",https://www.gov.uk/government/uploads/system/uploads/attachment_data/file/381906/14-1190b-innovation-managing-risk-evidence.pdf,2014-11-18T18:40:24+00:00,,
721885,10.1038/nature10831,policy,"Weekly Epidemiological Record, 2013, vol. 88, 13 [‎full issue]‎",https://iris.who.int/bitstream/10665/242049/1/WER8813.PDF,2016-06-16T11:20:16+00:00,,
721885,10.1038/nature10831,policy,"Update on human cases of influenza at the human-animal interface, 2012 = Le point sur les cas humains de grippe à l’interface homme-animal, 2012",https://iris.who.int/bitstream/10665/242048/1/WER8813_137-144.PDF,2016-06-16T11:20:16+00:00,,
721885,10.1038/nature10831,policy,Synthetische Biologie - die nächste Stufe der Bio- und Gentechnologie,https://www.tab-beim-bundestag.de/de/pdf/publikationen/berichte/TAB-Arbeitsbericht-ab164.pdf,2015-12-01T00:00:00+00:00,,
721885,10.1038/nature10831,policy,Governance of Dual Use Research in the Life Sciences,https://www.interacademies.org/sites/default/files/publication/governance_of_dual_use_research.pdf,2018-12-03T12:00:00+00:00,,https://doi.org/10.17226/25154
721885,10.1038/nature10831,policy,Doing Global Science: A Guide to Responsible Conduct in the Global Research Enterprise (Arabic version),https://www.interacademies.org/sites/default/files/publication/9780691170756_secured.pdf,2016-02-11T12:00:00+00:00,,
721885,10.1038/nature10831,policy,Doing Global Science: A Guide to Responsible Conduct in the Global Research Enterprise (Arabic version),https://www.interacademies.org/sites/default/files/publication/9780691170756_secured.pdf,2016-02-11T12:00:00+00:00,,
721885,10.1038/nature10831,policy,Doing Global Science Arabic,https://www.interacademies.org/sites/default/files/publication/iap_doing_global_science_guide_arabic.pdf,2016-06-16T08:13:27+00:00,,
721885,10.1038/nature10831,policy,Emerging technologies and dual-use concerns: a horizon scan for global public health,https://iris.who.int/bitstream/10665/346862/1/9789240036161-eng.pdf,2021-10-22T06:01:15+00:00,,
721885,10.1038/nature10831,policy,Doing Global Science: A Guide to Responsible Conduct in the Global Research Enterprise (Arabic version),https://www.interacademies.org/sites/default/files/inline-files/IAP%20Doing%20Global%20Science%20Guide%20Arabic.pdf,2016-02-11T12:00:00+00:00,,
721885,10.1038/nature10831,policy,Doing Global Science: A Guide to Responsible Conduct in the Global Research Enterprise (Arabic version),https://www.interacademies.org/sites/default/files/inline-files/IAP%20Doing%20Global%20Science%20Guide%20Arabic.pdf,2016-02-11T12:00:00+00:00,,
721885,10.1038/nature10831,policy,Lessons Learned from the COVID-19 Outbreak,https://www.rand.org/content/dam/rand/pubs/perspectives/PEA1400/PEA1481-2/RAND_PEA1481-2.pdf,2022-11-01T00:00:00+00:00,,
721885,10.1038/nature10831,policy,Influenza Viruses Containing the Hemagglutinin from the Goose/Guangdong/1/96 Lineage,https://www.govinfo.gov/content/pkg/FR-2012-10-17/pdf/2012-25377.pdf,2012-10-17T00:00:00+00:00,,
721885,10.1038/nature10831,policy,"Possession, Use, and Transfer of Select Agents and Toxins; Addition of Certain Influenza Virus Strains to the List of Select Agents and Toxins",https://www.govinfo.gov/content/pkg/FR-2015-07-16/pdf/2015-17435.pdf,2015-07-16T00:00:00+00:00,,
721885,10.1038/nature10831,policy,Understanding the Global Gain-of-Function Research Landscape,https://cset.georgetown.edu/wp-content/uploads/20220035_Gain-of-Function-Research_FINAL.pdf,2023-08-01T00:00:00+00:00,,https://doi.org/10.51593/20220035
721885,10.1038/nature10831,policy,Interferences between non-proliferation and science,https://op.europa.eu/o/opportal-service/download-handler?identifier=7aa93b6b-f5bb-11e7-b8f5-01aa75ed71a1&format=pdf&language=en&productionSystem=cellar&part=,2018-01-09T00:00:00+00:00,,
721885,10.1038/nature10831,patent,HUMAN ADAPTATION OF H5 INFLUENZA,https://app.dimensions.ai/details/patent/EP-2953967-A4,2016-08-10T00:00:00+00:00,"The present invention provides, among other things, technologies and methodologies for detection, treatment, and/or prevention of influenza transmission and/or infection. The present invention also provides technologies for monitoring influenza HA varia...",
721885,10.1038/nature10831,patent,HUMAN ADAPTATION OF H5 INFLUENZA,https://app.dimensions.ai/details/patent/EP-2953967-A4,2016-08-10T00:00:00+00:00,"The present invention provides, among other things, technologies and methodologies for detection, treatment, and/or prevention of influenza transmission and/or infection. The present invention also provides technologies for monitoring influenza HA varia...",
721885,10.1038/nature10831,patent,HUMAN ADAPTATION OF H5 INFLUENZA,https://app.dimensions.ai/details/patent/US-20140335504-A1,2014-11-13T00:00:00+00:00,"The present invention provides, among other things, technologies and methodologies for detection, treatment, and/or prevention of influenza transmission and/or infection. The present invention also provides technologies for monitoring influenza HA varia...",
721885,10.1038/nature10831,patent,HUMAN ADAPTATION OF H5 INFLUENZA,https://app.dimensions.ai/details/patent/US-20140335504-A1,2014-11-13T00:00:00+00:00,"The present invention provides, among other things, technologies and methodologies for detection, treatment, and/or prevention of influenza transmission and/or infection. The present invention also provides technologies for monitoring influenza HA varia...",
721885,10.1038/nature10831,patent,Methods and compositions for dual glycan binding AAV vectors,https://app.dimensions.ai/details/patent/US-10077291-B2,2018-09-18T00:00:00+00:00,"The present invention provides methods and compositions comprising an adeno-associated virus (AAV) capsid protein, comprising one or more amino acids substitutions, wherein the substitutions introduce a new glycan binding site into the AAV capsid protein.",
721885,10.1038/nature10831,patent,Methods and compositions for dual glycan binding AAV vectors,https://app.dimensions.ai/details/patent/US-10077291-B2,2018-09-18T00:00:00+00:00,"The present invention provides methods and compositions comprising an adeno-associated virus (AAV) capsid protein, comprising one or more amino acids substitutions, wherein the substitutions introduce a new glycan binding site into the AAV capsid protein.",
721885,10.1038/nature10831,patent,Methods and compositions for dual glycan binding AAV vectors,https://app.dimensions.ai/details/patent/US-10077291-B2,2018-09-18T00:00:00+00:00,"The present invention provides methods and compositions comprising an adeno-associated virus (AAV) capsid protein, comprising one or more amino acids substitutions, wherein the substitutions introduce a new glycan binding site into the AAV capsid protein.",
721885,10.1038/nature10831,patent,Human adaptation of H5 influenza,https://app.dimensions.ai/details/patent/AU-2014214754-B2,2018-07-12T00:00:00+00:00,"The present invention provides, among other things, technologies and methodologies for detection, treatment, and/or prevention of influenza transmission and/or infection. The present invention also provides technologies for monitoring influenza HA varia...",
721885,10.1038/nature10831,patent,"Hemagglutinin polypeptides, and reagents and methods relating thereto",https://app.dimensions.ai/details/patent/US-10226527-B2,2019-03-12T00:00:00+00:00,"The present invention provides a system for analyzing interactions between glycans and interaction partners that bind to them. The present invention also provides HA polypeptides that bind to umbrella-topology glycans, and reagents and methods relating ...",
721885,10.1038/nature10831,patent,Immunomodulatory compounds,https://app.dimensions.ai/details/patent/US-10363298-B2,2019-07-30T00:00:00+00:00,"The present invention is based on the finding that in addition to interfering with or blocking, preventing and/or inhibiting the interaction between a pathogen and, for example, a sialic acid containing cell surface receptor, certain sialic acid binding...",
721885,10.1038/nature10831,patent,Compounds for medical use,https://app.dimensions.ai/details/patent/KR-20180083402-A,2018-07-20T00:00:00+00:00,The present invention provides compounds for use in treating and / or preventing influenza. The present compound comprises a first domain comprising at least one immobilizing group which binds to the surface of influenza virus and a second domain compri...,
721885,10.1038/nature10831,patent,Compounds for medicinal applications,https://app.dimensions.ai/details/patent/US-11007274-B2,2021-05-18T00:00:00+00:00,The present invention provides compounds for use in treating and/or preventing influenza. The compound comprises a first and second domain in which the first domain comprises at least one anchoring group which binds to the surface of influenza viruses a...,
721885,10.1038/nature10831,patent,Methods and compositions for dual glycan binding AAV vectors,https://app.dimensions.ai/details/patent/US-11059862-B2,2021-07-13T00:00:00+00:00,"The present invention provides methods and compositions comprising an adeno-associated virus (AAV) capsid protein, comprising one or more amino acids substitutions, wherein the substitutions introduce a new glycan binding site into the AAV capsid protein.",
721885,10.1038/nature10831,patent,Methods and compositions for dual glycan binding AAV vectors,https://app.dimensions.ai/details/patent/US-11059862-B2,2021-07-13T00:00:00+00:00,"The present invention provides methods and compositions comprising an adeno-associated virus (AAV) capsid protein, comprising one or more amino acids substitutions, wherein the substitutions introduce a new glycan binding site into the AAV capsid protein.",
721885,10.1038/nature10831,patent,Methods and compositions for dual glycan binding AAV vectors,https://app.dimensions.ai/details/patent/US-11059862-B2,2021-07-13T00:00:00+00:00,"The present invention provides methods and compositions comprising an adeno-associated virus (AAV) capsid protein, comprising one or more amino acids substitutions, wherein the substitutions introduce a new glycan binding site into the AAV capsid protein.",
721885,10.1038/nature10831,patent,Methods and compositions for dual glycan binding AAV vectors,https://app.dimensions.ai/details/patent/US-12049478-B2,2024-07-30T00:00:00+00:00,"The present invention provides methods and compositions comprising an adeno-associated virus (AAV) capsid protein, comprising one or more amino acids substitutions, wherein the substitutions introduce a new glycan binding site into the AAV capsid protein.",
721885,10.1038/nature10831,patent,Methods and compositions for dual glycan binding AAV vectors,https://app.dimensions.ai/details/patent/US-12049478-B2,2024-07-30T00:00:00+00:00,"The present invention provides methods and compositions comprising an adeno-associated virus (AAV) capsid protein, comprising one or more amino acids substitutions, wherein the substitutions introduce a new glycan binding site into the AAV capsid protein.",
721885,10.1038/nature10831,patent,Methods and compositions for dual glycan binding AAV vectors,https://app.dimensions.ai/details/patent/US-12049478-B2,2024-07-30T00:00:00+00:00,"The present invention provides methods and compositions comprising an adeno-associated virus (AAV) capsid protein, comprising one or more amino acids substitutions, wherein the substitutions introduce a new glycan binding site into the AAV capsid protein.",
721885,10.1038/nature10831,wikipedia,Biotechnology risk,http://en.wikipedia.org/?diff=prev&oldid=732003501#altmetric_citation_d4fce977-f167-4d13-a96a-e97dbd9a72b5,2016-07-28T22:53:13+00:00,"Biotechnology risk is a form of existential risk that could come from biological sources, such as genetically engineered biological agents.",
721885,10.1038/nature10831,wikipedia,Gain of function research,http://en.wikipedia.org/?diff=prev&oldid=1004882714#altmetric_citation_ac808700-aff7-4314-8585-ece6762c12a1,2021-02-04T21:55:55+00:00,"Gain of function research is a field of medical research focused on the serial passaging of bacteria or viruses in vitro, accelerating mutation processes to adapt their transmissibility, virulence and antigenicity, to better predict emerging infectious ...",
721885,10.1038/nature10831,wikipedia,National Institute of Hygiene and Epidemiology,http://en.wikipedia.org/?diff=prev&oldid=1004883508#altmetric_citation_586bd967-56ba-46c8-874f-bcc5991eac9e,2021-02-04T22:00:52+00:00,The National Institute of Hygiene and Epidemiology (NIHE) is located in Hanoi Vietnam.,
721885,10.1038/nature10831,wikipedia,Biyoteknoloji riski,http://tr.wikipedia.org/?diff=prev&oldid=26491560#altmetric_citation_5,2021-11-06T19:56:10+00:00,"Biyoteknoloji riski, genetiğiyle oynanmış biyolojik ajanlar gibi biyolojik kaynaklardan gelebilecek bir varoluşsal risk biçimidir.",
721885,10.1038/nature10831,wikipedia,Risco biotecnológico,http://pt.wikipedia.org/?diff=prev&oldid=63339397#altmetric_citation_ab7c957a-d6e2-4150-97fe-774b62f16401,2022-04-06T17:27:03+00:00,"O risco biotecnológico é uma forma de risco existencial que pode vir de fontes biológicas, como agentes biológicos geneticamente modificados.",
721885,10.1038/nature10831,wikipedia,SARS-CoV-2,http://cs.wikipedia.org/?diff=prev&oldid=19126074#altmetric_citation_37,2020-11-01T20:00:16+00:00,,
721885,10.1038/nature10831,wikipedia,Riesgo biotecnológico,http://es.wikipedia.org/?diff=prev&oldid=149640192#altmetric_citation_029718d8-f629-4a60-b23a-0ff9c050dadb,2023-03-03T05:00:03+00:00,"El riesgo biotecnológico es una forma de riesgo existencial que podría provenir de fuentes biológicas, como los son los agentes biológicos modificados genéticamente.",
721885,10.1038/nature10831,wikipedia,أبحاث اكتساب الوظيفة,http://ar.wikipedia.org/?diff=prev&oldid=62155107#altmetric_citation_7309823e-89bd-410b-a15d-d5eb5ad42f33,2023-04-11T09:30:58+00:00,أبحاث اكتساب الوظيفة (أبحاث جي أو إف أو جي أو إف آر) هي أبحاث طبية تغير الكائن وراثيًا بطريقة قد تعزز الوظائف البيولوجية للمنتجات الجينية.,
