altmetric_id,core_doi,source_type,title,unique_identifier,posted_on,summary,lang_checked
509140,10.1126/science.1072266,blogs,Synthesizing A Human Genome,http://epigenie.com/synthesizing-a-human-genome,17/06/2016,"One score and six years ago, humanity embarked upon the Human Genome Project (HGP), sequencing all 3 gigabases of our genetic instruction manual. More than 1000 human genomes later, a consortium of synthetic biology heavy-hitters has proposed a new gran...",True
509140,10.1126/science.1072266,blogs,Self-Replicating Xenobots Could Help Cure Diseases—Or Create New Bioweapons,https://singularityhub.com/2021/12/10/self-replicating-xenobots-could-help-cure-diseases-or-create-new-bioweapons,10/12/2021,"In 2020, scientists made global headlines by creating “xenobots”—tiny “programmable” living things made of several thousand frog stem cells. These pioneer xenobots could move around in fluids, and scientists claimed they could be useful for monitoring rad...",True
509140,10.1126/science.1072266,blogs,"Design, construction, and functional characterization of a tRNA neochromosome in yeast",https://www.cell.com/cell/fulltext/s0092-8674(23)01130-3?rss=yes,08/11/2023,A designer tRNA neochromosome containing all 275 nuclear tRNA genes of Saccharomyces cerevisiae reveals unexpected genomic plasticity and insights into both tRNA and chromosome biology.,True
509140,10.1126/science.1072266,blogs,Debugging and consolidating multiple synthetic chromosomes reveals combinatorial genetic interactions,https://www.cell.com/cell/fulltext/s0092-8674(23)01079-6?rss=yes,08/11/2023,"Multiple synthetic chromosomes in Sc2.0 were consolidated together into a single yeast strain, revealing combinational genetic interactions through CRISPR D-BUGS.",True
509140,10.1126/science.1072266,blogs,The Dangers of Mirrored Life,https://www.asimov.press/p/mirror-life,12/12/2024,"The creation of a &#8220;mirrored&#8221; organism could &#8220;trigger severe ecological disruptions,&#8221; according to a 300-page technical report released today. Its authors claim such organisms could quickly spread across the world, fatally infect ...",True
509140,10.1126/science.1072266,news,The next pandemic could be downloaded from the internet,http://theconversation.com/the-next-pandemic-could-be-downloaded-from-the-internet-22653,03/02/2014,"Last October, scientists in California sequenced the DNA for the “type H” botulinum toxin. One gram of this toxin would be sufficient to kill half a billion people , making it the deadliest substance yet discovered – with no antidote. The DNA sequence was...",True
509140,10.1126/science.1072266,news,The next pandemic could be downloaded from the internet,http://www.technology.org/2014/02/04/next-pandemic-downloaded-internet,04/02/2014,"Too much information could be a recipe for disaster. Abode of Chaos Last October, scientists in California sequenced the DNA for the “type H” botulinum toxin. One gram of this toxin would be sufficient to kill half a billion people, making it the deadlies...",True
509140,10.1126/science.1072266,news,The next pandemic could be downloaded from the internet,http://phys.org/news/2014-02-pandemic-downloaded-internet.html,04/02/2014,"Last October, scientists in California sequenced the DNA for the ""type H"" botulinum toxin. One gram of this toxin would be sufficient to kill half a billion people, making it the deadliest substance yet discovered – with no antidote. The DNA sequence was ...",True
509140,10.1126/science.1072266,news,Scientists Build a Yeast Chromosome From Scratch. Next Up? Designer Genomes,http://www.smithsonianmag.com/science-nature/scientists-build-yeast-chromosome-scratch-next-up-designer-genomes-180950281,27/03/2014,"Creating synthetic organisms with specially-tailored genomes is a long way off, but the first synthetic eukaryotic chromosome is a big step forward",True
509140,10.1126/science.1072266,news,Writing the human genome,http://cen.acs.org/articles/95/i28/writing-human-genome.html,10/07/2017,A group of researchers plan to synthesize the human genome from scratch. They face huge scientific hurdles—and public scrutiny Credit: Will Ludwig/C&EN/Shutterstock Credit: Will Ludwig/C&EN/Shutterstock In brief Synthetic biologists have been...,True
509140,10.1126/science.1072266,news,Synthetic Biology Could Allow Bad Actors to Re-Create Smallpox,http://www.slate.com/articles/technology/future_tense/2017/10/synthetic_biology_could_lead_to_the_re_emergence_of_smallpox.html,19/10/2017,"If we don’t take steps now, synthetic biology could let bad actors re-create the devastating virus.",True
509140,10.1126/science.1072266,news,Synthetic Biology Could Allow Bad Actors to Re-Create Smallpox,http://trueviralnews.com/synthetic-biology-could-allow-bad-actors-to-re-create-smallpox,20/10/2017,"SynBioBeta, which bills itself as the world’s premier forum for innovators and investors interested in synthetic biology, concluded its sixth annual conference in San Francisco earlier this month.",True
509140,10.1126/science.1072266,news,Synthetic biology could allow bad actors to recreate smallpox,http://www.businessinsider.com/heres-how-deadly-eradicated-viruses-could-re-emerge-2017-10,21/10/2017,"Synthetic biology is controversial form of research. A synthetic biological lab in Canada has recently constructed artificial smallpox from scratch, causing fear over the misuse of synthetic biology.",True
509140,10.1126/science.1072266,news,Synthetic biology could allow bad actors to recreate smallpox,http://www.latestnigeriannews.com/news/5067500/synthetic-biology-could-allow-bad-actors-to-recreate-smallpox.html,21/10/2017,"Published by Business Insider on Sat, 21 Oct 2017 Synthetic biology is controversial form of research.A synthetic biological lab in Canada has recently constructed artificial smallpox from scratch, causing fear over themisuse of synthetic biology.Ther...",True
509140,10.1126/science.1072266,news,Vaccine causing polio in Africa? Context from an expert,https://thebulletin.org/2018/07/vaccine-causing-polio-in-africa-context-from-an-expert,06/07/2018,"Oral polio vaccine is administered to a child in Africa. Polio, once among the most dreaded diseases even in the richest countries, has seemed on the verge of eradication for years now—but only on the verge.",True
509140,10.1126/science.1072266,news,"Vaccination: Do your own research, exercise due diligence and reserve judgment",https://www.sott.net/article/412881-vaccination-do-your-own-research-exercise-due-diligence-and-reserve-judgment,11/05/2019,© Spectrum: Autism Research News It seems we are rapidly moving towards compulsory vaccination in the West.,True
509140,10.1126/science.1072266,news,Are No Time to Die's designer diseases possible in real life? The science behind Bond,https://www.syfy.com/syfywire/no-time-die-james-bond-nanobot-disease-genetic-real-science,20/10/2021,"No Time to Die may have been Daniel Craig's final appearance as James Bond, but it introduced new characters and a terrifying new type of warfare — a weapon that could find its way to the real world with insidious implications.",True
509140,10.1126/science.1072266,news,"Will self-replicating ‘xenobots’ cure diseases, yield new bioweapons, or simply turn whole world into grey goo?",https://www.miragenews.com/will-self-replicating-xenobots-cure-diseases-690578,09/12/2021,"In 2020, scientists made global headlines by creating “xenobots” – tiny “programmable” living things made of several thousand frog stem cells.",True
509140,10.1126/science.1072266,news,"Will self-replicating 'xenobots' cure diseases, yield new bioweapons, or simply turn the whole world into grey goo?",http://theconversation.com/will-self-replicating-xenobots-cure-diseases-yield-new-bioweapons-or-simply-turn-the-whole-world-into-grey-goo-173244,09/12/2021,"In 2020, scientists made global headlines by creating “xenobots” – tiny “programmable” living things made of several thousand frog stem cells.",True
509140,10.1126/science.1072266,news,"Will self-replicating 'xenobots' cure diseases, yield new bioweapons, or simply turn the whole world into grey goo?",http://www.australasianscience.com.au/article/science-and-technology/will-self-replicating-xenobots-cure-diseases-yield-new-bioweapons-or-,09/12/2021,"Kriegman et al./PNAS In 2020, scientists made global headlines by creating “xenobots” – tiny “programmable” living things made of several thousand frog stem cells.",True
509140,10.1126/science.1072266,news,"MIL-Evening Report: Will self-replicating ‘xenobots’ cure diseases, yield new bioweapons, or simply turn the whole world into grey goo?",https://foreignaffairs.co.nz/2021/12/09/mil-evening-report-will-self-replicating-xenobots-cure-diseases-yield-new-bioweapons-or-simply-turn-the-whole-world-into-grey-goo,09/12/2021,"– By Simon Coghlan, Senior Research Fellow in Digital Ethics, Centre for AI and Digital Ethics, School of Computing and Information Systems, The University of Melbourne Kriegman et al./PNAS In 2020, scientists made global headlines by creating “” ...",True
509140,10.1126/science.1072266,news,"Will self-replicating ‘xenobots’ cure diseases, yield new bioweapons, or simply turn the whole world into grey goo?",https://www.globaladvisors.biz/2021/12/09/will-self-replicating-xenobots-cure-diseases-yield-new-bioweapons-or-simply-turn-the-whole-world-into-grey-goo,09/12/2021,"Kriegman et al./PNAS In 2020, scientists made global headlines by creating “xenobots” – tiny “programmable” living things made of several thousand frog stem cells.",True
509140,10.1126/science.1072266,news,"Will self-replicating 'xenobots' cure diseases, yield new bioweapons, or simply turn the whole world into grey goo?",https://www.newsbreak.com/news/2456245731166/will-self-replicating-xenobots-cure-diseases-yield-new-bioweapons-or-simply-turn-the-whole-world-into-grey-goo,09/12/2021,"In 2020, scientists made global headlines by creating “ xenobots ” – tiny “ programmable ” living things made of several thousand frog stem cells.",True
509140,10.1126/science.1072266,news,"Will self-replicating 'xenobots' cure diseases, yield new bioweapons, or simply turn the whole world into grey goo?",https://au.news.yahoo.com/self-replicating-xenobots-cure-diseases-040724189.html,09/12/2021,"In 2020, scientists made global headlines by creating “xenobots” – tiny “programmable” living things made of several thousand frog stem cells.",True
509140,10.1126/science.1072266,news,"Will self-replicating xenobots cure diseases, yield new bioweapons, or simply turn the whole world into grey goo?",https://phys.org/news/2021-12-self-replicating-xenobots-diseases-yield-bioweapons.html,09/12/2021,"In 2020, scientists made global headlines by creating ""xenobots""—tiny ""programmable"" living things made of several thousand frog stem cells.",True
509140,10.1126/science.1072266,news,Why the World Needs Its Own Immune System,https://dnyuz.com/2023/12/25/why-the-world-needs-its-own-immune-system,25/12/2023,The thing that has surprised me most since I began my job leading foreign assistance for global health at the U.S.,True
509140,10.1126/science.1072266,news,Abbreviated Public Roundup: Legacies,http://ct.moreover.com/?a=52683855581&p=1pl&v=1&x=qoopnfl4jne8n3vxf9n3da,26/12/2023,We begin today with Tim Alberta of The Atlantic asserting that even unbelievers will pay a price for the continued corruption of American Christian evangelicalism and nationalism.,True
509140,10.1126/science.1072266,news,World Requires Its Own Immune System: USAID,http://ct.moreover.com/?a=52703570372&p=1pl&v=1&x=cud8lr5-fbm0xril0drz9g,28/12/2023,The thing that has surprised me most since I began my job leading foreign assistance for global health at the U.S.,True
509140,10.1126/science.1072266,news,Why The World Needs Its Own Immune System | Opinion Editorial | U.S. Agency for International Development,http://ct.moreover.com/?a=52703703056&p=1pl&v=1&x=bubbzw6jj952nhrq_mmqza,28/12/2023,The thing that has surprised me most since I began my job leading foreign assistance for global health at the U.S.,True
509140,10.1126/science.1072266,policy,"Research policy and management of risks in life sciences research for global health security : report of a meeting, Bangkok, Thailand, 10-12 December 2007",https://iris.who.int/bitstream/10665/69943/1/who_hse_epr_2008.4_eng.pdf,17/06/2012,,True
509140,10.1126/science.1072266,policy,A Survey of Attitudes and Actions on Dual Use Research in the Life Sciences: A Collaborative Effort of the National Research Council and the American Association for the Advancement of Science,https://www.nap.edu/download/12460,01/01/2009,,True
509140,10.1126/science.1072266,policy,Life Sciences and Related Fields: Trends Relevant to the Biological Weapons Convention,https://www.nap.edu/download/13130,01/01/2011,,True
509140,10.1126/science.1072266,policy,Frontiers of Engineering: Reports on Leading-Edge Engineering from the 2008 Symposium,https://www.nap.edu/download/12523,01/01/2009,,True
509140,10.1126/science.1072266,policy,The Role of Scientific and Technical Data and Information in the Public Domain: Proceedings of a Symposium,https://www.nap.edu/download/10785,01/01/2003,,True
509140,10.1126/science.1072266,policy,Poliovirus vaccine strains will continue to circulate long after wild strains have been eradicated.,https://iris.who.int/bitstream/10665/269036/1/pmc2585871.pdf,26/03/2018,,True
509140,10.1126/science.1072266,policy,Life science research : opportunities and risks for public health : mapping the issues,https://iris.who.int/bitstream/10665/69142/1/who_cds_csr_lyo_2005.20.pdf,17/06/2012,,True
509140,10.1126/science.1072266,policy,"Polio control after certification : major issues outstanding / Paul E. M. Fine, George Oblapenko and Roland W. Sutter",https://apps.who.int/iris/bitstream/handle/10665/72198/bulletin_2004_82%281%29_47-52.pdf?sequence=1&isallowed=y,01/01/2004,,True
509140,10.1126/science.1072266,policy,"Globalization, Biosecurity, and the Future of the Life Sciences",https://www.nap.edu/download/11567,01/01/2006,,True
509140,10.1126/science.1072266,policy,Department of Homeland Security Bioterrorism Risk Assessment: A Call for Change,https://www.nap.edu/download/12206,01/01/2008,,True
509140,10.1126/science.1072266,policy,"Scientific review of variola virus research, 1999-2010",https://iris.who.int/bitstream/10665/70508/4/who_hse_gar_bdp_2010.3_rus.pdf,17/06/2012,,True
509140,10.1126/science.1072266,policy,"WHO Expert Committee on Biological Standardization, sixty-fifth report",https://iris.who.int/bitstream/10665/173739/1/9789240694095_eng.pdf,01/06/2015,,True
509140,10.1126/science.1072266,policy,Vaccines: preventing disease and protecting health,10.1590/s0036-46652004000300016,01/01/2003,,True
509140,10.1126/science.1072266,policy,A Proposed Framework for Identifying Potential Biodefense Vulnerabilities Posed by Synthetic Biology: Interim Report,https://www.nap.edu/download/24832,01/01/2017,,True
509140,10.1126/science.1072266,policy,Biosecurity: Limiting Terrorist Access to Deadly Pathogens,https://www.usip.org/sites/default/files/pwks52.pdf,17/11/2003,,True
509140,10.1126/science.1072266,policy,Governance of dual-use research: an ethical dilemma,10.2471/blt.08.051383,26/03/2018,,True
509140,10.1126/science.1072266,policy,"Scientific review of variola virus research, 1999-2010",https://apps.who.int/iris/bitstream/handle/10665/70508/who_hse_gar_bdp_2010.3_eng.pdf?sequence=1&isallowed=y,01/01/2010,,True
509140,10.1126/science.1072266,policy,Biorisk management : laboratory biosecurity guidance,https://apps.who.int/iris/bitstream/handle/10665/69390/who_cds_epr_2006.6_eng.pdf?sequence=1&isallowed=y,01/01/2006,,True
509140,10.1126/science.1072266,policy,Polio control after certification: major issues outstanding.,https://iris.who.int/bitstream/10665/269037/1/pmc2585872.pdf,26/03/2018,,True
509140,10.1126/science.1072266,policy,WHO Expert Committee on Biological Standardization: seventieth report,https://apps.who.int/iris/bitstream/handle/10665/332102/9789240003736-eng.pdf?sequence=1&isallowed=y,01/01/2020,,True
509140,10.1126/science.1072266,policy,Governance of Dual Use Research in the Life Sciences,10.17226/25154,03/12/2018,,True
509140,10.1126/science.1072266,policy,Emerging technologies and dual-use concerns: a horizon scan for global public health,https://iris.who.int/bitstream/10665/346862/1/9789240036161-eng.pdf,22/10/2021,,True
509140,10.1126/science.1072266,policy,Constructing Life,https://www.rathenau.nl/sites/default/files/2018-05/boek_wed97_constructing_life_2006.pdf,01/06/2007,,True
509140,10.1126/science.1072266,policy,Global guidance framework for the responsible use of the life sciences: mitigating biorisks and governing dual-use research,https://iris.who.int/bitstream/10665/362313/1/9789240056107-eng.pdf,13/09/2022,,True
509140,10.1126/science.1072266,policy,"Disease Control Priorities in Developing Countries, Second Edition",http://www-wds.worldbank.org/external/default/wdscontentserver/wdsp/ib/2007/11/16/000310607_20071116162611/rendered/pdf/414600paper0di101official0use0only1.pdf,01/01/2006,,True
509140,10.1126/science.1072266,policy,WHO Expert Committee on Biological Standardization: seventieth report,https://iris.who.int/bitstream/10665/332102/1/9789240003736-eng.pdf,18/05/2020,,True
509140,10.1126/science.1072266,policy,"Disease Control Priorities in Developing Countries, Second Edition",https://openknowledge.worldbank.org/server/api/core/bitstreams/da539516-3fa5-5753-a190-52c7319ac2cf/content,01/01/2006,,True
509140,10.1126/science.1072266,policy,Polio post-certification strategy: a risk mitigation strategy for a polio-free world,https://iris.who.int/bitstream/10665/379034/1/who-polio-18.06-eng.pdf,24/09/2024,,True
509140,10.1126/science.1072266,policy,Security Implications of Synthetic Biology and Nanobiotechnology: a Risk and Response Assessment of Advances in Biotechnology,https://unicri.org/sites/default/files/2019-10/unicri%202012%20security%20implications%20of%20synthetic%20biology%20and%20nanobiotechnology_0.pdf,30/05/2012,,True
509140,10.1126/science.1072266,guideline,Responsible life sciences research for global health security:  a guidance document,https://iris.who.int/bitstream/10665/70507/1/who_hse_gar_bdp_2010.2_eng.pdf,17/06/2012,,True
509140,10.1126/science.1072266,patent,Identifying oligonucleotides for in vitro recombination,https://app.dimensions.ai/details/patent/us-7421347-b2,02/09/2008,"&#8220;In silico&#8221; nucleic acid recombination methods, related integrated systems utilizing genetic operators and libraries made by in silico shuffling methods are provided.",True
509140,10.1126/science.1072266,patent,Methods for identifying sets of oligonucleotides for use in an in vitro recombination procedure,https://app.dimensions.ai/details/patent/us-7620502-b2,17/11/2009,"In silico nucleic acid recombination methods, related integrated systems utilizing genetic operators are used to identify sets of oligonucleotides for in vitro recombination.",True
509140,10.1126/science.1072266,patent,Combination therapy for the treatment of diabetes and conditions related thereto and for the treatment of conditions ameliorated by increasing a blood GLP-1 level,https://app.dimensions.ai/details/patent/us-7803754-b2,28/09/2010,The present invention concerns combination of an amount of a GPR119 agonist with an amount of a dipeptidyl peptidase IV (DPP-IV) inhibitor such that the combination provides an effect in lowering a blood glucose level or in increasing a blood GLP-1 leve...,True
509140,10.1126/science.1072266,patent,Combination therapy for the treatment of diabetes and conditions related thereto and for the treatment of conditions ameliorated by increasing a blood GLP-1 level,https://app.dimensions.ai/details/patent/us-7803753-b2,28/09/2010,The present invention concerns combination of an amount of a GPR119 agonist with an amount of a dipeptidyl peptidase IV (DPP-IV) inhibitor such that the combination provides an effect in lowering a blood glucose level or in increasing a blood GLP-1 leve...,True
509140,10.1126/science.1072266,patent,"GRP119 receptor agonists in methods of increasing bone mass and of treating osteoporosis and other conditions characterized by low bone mass, and combination therapy relating thereto",https://app.dimensions.ai/details/patent/us-7816364-b2,19/10/2010,"The present invention relates to the use of GPR119 receptor agonists for treating or preventing a condition characterized by low bone mass, such as osteoporosis, and for increasing bone mass in an individual. The present invention further relates to the...",True
509140,10.1126/science.1072266,patent,Methods of using GPR119 to identify peptide YY (PYY) secretagogues and compounds useful in the treatment of conditions modulated by PYY,https://app.dimensions.ai/details/patent/us-7838254-b2,23/11/2010,"The present invention relates to methods of using GPR119 receptor to identify peptide YY (PYY) secretagogues and compounds useful in the treatment of conditions modulated by PYY, such as conditions modulated by stimulation of NPY Y2 receptor (Y2R). Agon...",True
509140,10.1126/science.1072266,patent,Method for making polynucleotides having desired characteristics,https://app.dimensions.ai/details/patent/us-7853410-b2,14/12/2010,"In silico nucleic acid recombination methods, related integrated systems utilizing genetic operators and libraries made by in silico shuffling methods are provided.",True
509140,10.1126/science.1072266,patent,Methods of populating data structures for use in evolutionary simulations,https://app.dimensions.ai/details/patent/us-7873499-b2,18/01/2011,"In particular, this invention provides novel methods of populating data structures for use in evolutionary modeling. In particular, this invention provides methods of populating a data structure with a plurality of character strings. The methods involve...",True
509140,10.1126/science.1072266,patent,Methods for identifying sets of oligonucleotides for use in an in vitro recombination procedures,https://app.dimensions.ai/details/patent/us-7904249-b2,08/03/2011,"In silico nucleic acid recombination methods, related integrated systems utilizing genetic operators are used to identify sets of oligonucleotides for in vitro recombination. In certain embodiments, the methods involve inputting amino acid sequence char...",True
509140,10.1126/science.1072266,patent,Methods for identifying and producing polypeptides,https://app.dimensions.ai/details/patent/us-7957912-b2,07/06/2011,"In silico nucleic acid recombination methods, related integrated systems utilizing genetic operators and libraries made by in silico shuffling methods are provided. One disclosed method involves identifying and producing a polypeptide. The method may in...",True
509140,10.1126/science.1072266,patent,Combination therapy for the treatment of diabetes and conditions related thereto and for the treatment of conditions ameliorated by increasing a blood GLP-1 level,https://app.dimensions.ai/details/patent/us-8003597-b2,23/08/2011,The present invention concerns combination of an amount of a GPR119 agonist with an amount of a dipeptidyl peptidase IV (DPP-IV) inhibitor such that the combination provides an effect in lowering a blood glucose level or in increasing a blood GLP-1 leve...,True
509140,10.1126/science.1072266,patent,Methods of preparing pharmaceutical compositions comprising GPR119 agonists having the effect of glucose-dependent insulinotropic peptide secretagogues,https://app.dimensions.ai/details/patent/us-8017574-b2,13/09/2011,The present invention relates to methods of using GPR119 receptor to identify compounds useful for increasing bone mass in an individual. Agonists of GPR119 receptor are useful as therapeutic agents for treating or preventing a condition characterized b...,True
509140,10.1126/science.1072266,patent,Combination therapy for the treatment of diabetes and conditions related thereto and for the treatment of conditions ameliorated by increasing a blood GLP-1 level,https://app.dimensions.ai/details/patent/us-8022034-b2,20/09/2011,The present invention concerns combination of an amount of a GPR119 agonist with an amount of a dipeptidyl peptidase IV (DPP-IV) inhibitor such that the combination provides an effect in lowering a blood glucose level or in increasing a blood GLP-1 leve...,True
509140,10.1126/science.1072266,patent,Methods of preparing pharmaceutical compositions comprising GPR119 agonists having the effect of glucose-dependent insulinotropic peptide secretatgogues,https://app.dimensions.ai/details/patent/us-8026212-b2,27/09/2011,The present invention relates to methods of using GPR119 receptor to identify compounds useful for increasing bone mass in an individual. Agonists of GPR119 receptor are useful as therapeutic agents for treating or preventing a condition characterized b...,True
509140,10.1126/science.1072266,patent,Methods for identifying GLP-1 secretagogues,https://app.dimensions.ai/details/patent/us-8030270-b2,04/10/2011,The present invention concerns combination of an amount of a GPR119 agonist with an amount of a dipeptidyl peptidase IV (DPP-IV) inhibitor such that the combination provides an effect in lowering a blood glucose level or in increasing a blood GLP-1 leve...,True
509140,10.1126/science.1072266,patent,Methods of using a G protein-coupled receptor to identify peptide YY (PYY) secretagogues,https://app.dimensions.ai/details/patent/us-8486646-b2,16/07/2013,"The present invention relates to methods of using GPR119 receptor to identify peptide YY (PYY) secretagogues and compounds useful in the treatment of conditions modulated by PYY, such as conditions modulated by stimulation of NPY Y2 receptor (Y2R). Agon...",True
509140,10.1126/science.1072266,patent,Methods of using GPR119 receptor to identify compounds which stimulate glucose-dependent insulinotropic peptide secretion,https://app.dimensions.ai/details/patent/us-8580526-b2,12/11/2013,The present invention relates to methods of using GPR119 receptor to identify compounds useful for increasing bone mass in an individual. Agonists of GPR119 receptor are useful as therapeutic agents for treating or preventing a condition characterized b...,True
509140,10.1126/science.1072266,patent,Methods of populating data structures for use in evolutionary simulations,https://app.dimensions.ai/details/patent/us-8589085-b2,19/11/2013,"In particular, this invention provides novel methods of populating data structures for use in evolutionary modeling. In particular, this invention provides methods of populating a data structure with a plurality of character strings. The methods involve...",True
509140,10.1126/science.1072266,patent,Pharmaceutical compositions comprising GPR119 agonists which act as peptide YY (PYY) secretagogues,https://app.dimensions.ai/details/patent/us-8883714-b2,11/11/2014,"The present invention relates to methods of using GPR119 receptor to identify peptide YY (PYY) secretagogues and compounds useful in the treatment of conditions modulated by PYY, such as conditions modulated by stimulation of NPY Y2 receptor (Y2R). Agon...",True
509140,10.1126/science.1072266,patent,"Antibacterial phage, phage peptides and methods of use thereof",https://app.dimensions.ai/details/patent/us-9682110-b2,20/06/2017,"The present invention is directed to the field of phage therapy for the treatment and control of bacterial infections. In particular, the present invention is directed to the novel bacteriophages F1245/05, F168/08, F170/08, F770/05, F197/08, F86/06, F87...",True
509140,10.1126/science.1072266,patent,Methods of using GPR119 to identify compounds useful for increasing bone mass in an individual,https://app.dimensions.ai/details/patent/us-8026074-b2,27/09/2011,The present invention relates to methods of using GPR119 receptor to identify compounds useful for increasing bone mass in an individual. Agonists of GPR119 receptor are useful as therapeutic agents for treating or preventing a condition characterized b...,True
509140,10.1126/science.1072266,patent,Methods of using GPR119 to identify compounds useful for increasing bone mass in an individual,https://app.dimensions.ai/details/patent/us-7833730-b2,16/11/2010,The present invention relates to methods of using GPR119 receptor to identify compounds useful for increasing bone mass in an individual. Agonists of GPR119 receptor are useful as therapeutic agents for treating or preventing a condition characterized b...,True
509140,10.1126/science.1072266,patent,GENE SYNTHESIS METHOD,https://app.dimensions.ai/details/patent/us-20120178129-a1,12/07/2012,"The present invention relates to polymerase chain reaction (PCR)-based methods for the one-step synthesis of nucleic acid molecules, wherein the amplification primers used in said methods are designed such that they have two distinct melting temperature...",True
509140,10.1126/science.1072266,patent,Microarray synthesis and assembly of gene-length polynucleotides,https://app.dimensions.ai/details/patent/us-7323320-b2,29/01/2008,"There is disclosed a process for in vitro synthesis and assembly of long, gene-length polynucleotides based upon assembly of multiple shorter oligonucleotides synthesized in situ on a microarray platform. Specifically, there is disclosed a process for i...",True
509140,10.1126/science.1072266,patent,Method of generating long nucleic acid molecules of defined sequence,https://app.dimensions.ai/details/patent/us-7534569-b2,19/05/2009,"A method of generating a single-stranded nucleic acid molecule comprising (a) combining in a mixture under conditions suitable for a polymerase extension reaction, (i) a polymerase, (ii) an initial polynucleotide comprising a 5&#8242; portion and a 3&#8...",True
509140,10.1126/science.1072266,patent,Microarray synthesis and assembly of gene-length polynucleotides,https://app.dimensions.ai/details/patent/us-7563600-b2,21/07/2009,"There is disclosed a process for in vitro synthesis and assembly of long, gene-length polynucleotides based upon assembly of multiple shorter oligonucleotides synthesized in situ on a microarray platform. Specifically, there is disclosed a process for i...",True
509140,10.1126/science.1072266,patent,Genetic encryption,https://app.dimensions.ai/details/patent/us-8592199-b2,26/11/2013,"The present invention relates to a method to engineer either the genome of a genetically modified organism, other bioengineered reagent, or in vitro translation system for protein synthesis from specific protein-coding genes so that the protein-coding g...",True
509140,10.1126/science.1072266,patent,"De novo synthesized plasmid, methods of making and use thereof",https://app.dimensions.ai/details/patent/us-7820435-b2,26/10/2010,The invention relates to a de novo synthesized plasmid. The plasmid comprises relevant sequences for plasmid replication and plasmid selection. The methods of making and use of the plasmid are disclosed. The plasmid can be used to make other plasmids. T...,True
509140,10.1126/science.1072266,patent,Methods for high fidelity production of long nucleic acid molecules,https://app.dimensions.ai/details/patent/us-7879580-b2,01/02/2011,"This invention generally relates to nucleic acid synthesis, in particular DNA synthesis. More particularly, the invention relates to the production of long nucleic acid molecules with precise user control over sequence content. This invention also relat...",True
509140,10.1126/science.1072266,patent,Methods for high fidelity production of long nucleic acid molecules with error control,https://app.dimensions.ai/details/patent/us-7932025-b2,26/04/2011,"This invention generally relates to nucleic acid synthesis, in particular DNA synthesis. More particularly, the invention relates to the production of long nucleic acid molecules with precise user control over sequence content. This invention also relat...",True
509140,10.1126/science.1072266,patent,Attenuated poliovirus,https://app.dimensions.ai/details/patent/us-8066983-b2,29/11/2011,"A novel and stable attenuated poliovirus, which replicates in neuroblastoma cells, is produced by engineering an indigenous replication element (cre), into the 5&#8242; non-translated genomic region and inactivating the native cre element located in the...",True
509140,10.1126/science.1072266,patent,Engineered nucleases and their uses for nucleic acid assembly,https://app.dimensions.ai/details/patent/us-8748146-b2,10/06/2014,Aspects of the invention provide engineered endonucleases that are characterized by both a long recognition sequence and specific cleavage outside of the recognition site. Engineered endonucleases of the invention are useful for manipulating long pieces...,True
509140,10.1126/science.1072266,patent,Attenuated poliovirus,https://app.dimensions.ai/details/patent/us-8921101-b2,30/12/2014,"A novel and stable attenuated poliovirus, which replicates in neuroblastoma cells, is produced by engineering an indigenous replication element (cre), into the 5&#8242; non-translated genomic region and inactivating the native cre element located in the...",True
509140,10.1126/science.1072266,patent,"Antibacterial phage, phage peptides and methods of use thereof",https://app.dimensions.ai/details/patent/us-9134312-b2,15/09/2015,"The present invention is directed to the field of phage therapy for the treatment and control of bacterial infections. In particular, the present invention is directed to the novel bacteriophages F1245/05, F168/08, F170/08, F770/05, F197/08, F86/06, F87...",True
509140,10.1126/science.1072266,patent,Attenuated viruses useful for vaccines,https://app.dimensions.ai/details/patent/us-9476032-b2,25/10/2016,"This invention provides an attenuated virus which comprises a modified viral genome containing nucleotide substitutions engineered in multiple locations in the genome, wherein the substitutions introduce synonymous deoptimized codons into the genome. Th...",True
509140,10.1126/science.1072266,patent,In vitro recombination method,https://app.dimensions.ai/details/patent/us-9534251-b2,03/01/2017,"The present invention relates, e.g., to in vitro method, using isolated protein reagents, for joining two double stranded (ds) DNA molecules of interest, wherein the distal region of the first DNA molecule and the proximal region of the second DNA molec...",True
509140,10.1126/science.1072266,patent,Assembly of large nucleic acids,https://app.dimensions.ai/details/patent/us-9593329-b2,14/03/2017,"A method to assemble any desired nucleic acid molecule by combining cassettes in vitro to form assemblies which are further combined in vivo, or by assembling large numbers of DNA fragments by recombination in a yeast culture to obtain desired DNA molec...",True
509140,10.1126/science.1072266,patent,Methods of populating data structures for use in evolutionary simulations,https://app.dimensions.ai/details/patent/us-8170806-b2,01/05/2012,"In particular, this invention provides novel methods of populating data structures for use in evolutionary modeling. In particular, this invention provides methods of populating a data structure with a plurality of character strings. The methods involve...",True
509140,10.1126/science.1072266,patent,GENOME EDITING,https://app.dimensions.ai/details/patent/wo-2018020248-a1,01/02/2018,"The invention relates to a method comprising a) providing a host cell said host cell comprising an episomal replicon, said episomal replicon comprising a donor nucleic acid sequence, said host cell further comprising a target nucleic acid, b) providing ...",True
509140,10.1126/science.1072266,patent,Methods of making modified viral genomes,https://app.dimensions.ai/details/patent/us-10023845-b2,17/07/2018,"This invention provides an attenuated virus which comprises a modified viral genome containing nucleotide substitutions engineered in multiple locations in the genome, wherein the substitutions introduce synonymous deoptimized codons into the genome. Th...",True
509140,10.1126/science.1072266,patent,"GPR119 receptor agonists in methods of increasing bone mass and of treating osteoporosis and other conditions characterized by low bone mass, and combination therapy relating thereto",https://app.dimensions.ai/details/patent/us-8101626-b2,24/01/2012,"The present invention relates to the use of GPR119 receptor agonists for treating or preventing a condition characterized by low bone mass, such as osteoporosis, and for increasing bone mass in an individual. The present invention further relates to the...",True
509140,10.1126/science.1072266,patent,Combination therapy for the treatment of diabetes and conditions related thereto and for the treatment of conditions ameliorated by increasing a blood GLP-1 level,https://app.dimensions.ai/details/patent/us-8198232-b2,12/06/2012,The present invention concerns combination of an amount of a GPR119 agonist with an amount of a dipeptidyl peptidase IV (DPP-IV) inhibitor such that the combination provides an effect in lowering a blood glucose level or in increasing a blood GLP-1 leve...,True
509140,10.1126/science.1072266,patent,ATTENUATED VIRUSES USEFUL FOR VACCINES,https://app.dimensions.ai/details/patent/ep-3431099-a1,23/01/2019,"This invention provides an attenuated virus which comprises a modified viral genome containing nucleotide substitutions engineered in multiple locations in the genome, wherein the substitutions introduce synonymous deoptimized codons into the genome. Th...",True
509140,10.1126/science.1072266,patent,Attenuated influenza viruses and vaccines,https://app.dimensions.ai/details/patent/us-10316294-b2,11/06/2019,This invention provides highly attenuated influenza viruses and vaccines. The attenuated viruses and vaccines proliferate well and have high safety factors. The attenuated viruses providing protective immunity from challenge by virus of the same subtype...,True
509140,10.1126/science.1072266,patent,Microarray synthesis and assembly of gene-length polynucleotides,https://app.dimensions.ai/details/patent/us-10450560-b2,22/10/2019,"There is disclosed a process for in vitro synthesis and assembly of long, gene-length polynucleotides based upon assembly of multiple shorter oligonucleotides synthesized in situ on a microarray platform. Specifically, there is disclosed a process for i...",True
509140,10.1126/science.1072266,patent,In vitro recombination method,https://app.dimensions.ai/details/patent/us-10577629-b2,03/03/2020,"The present invention relates, e.g., to in vitro method, using isolated protein reagents, for joining two double stranded (ds) DNA molecules of interest, wherein the distal region of the first DNA molecule and the proximal region of the second DNA molec...",True
509140,10.1126/science.1072266,patent,Microarray synthesis and assembly of gene-length polynucleotides,https://app.dimensions.ai/details/patent/us-10640764-b2,05/05/2020,"There is disclosed a process for in vitro synthesis and assembly of long, gene-length polynucleotides based upon assembly of multiple shorter oligonucleotides synthesized in situ on a microarray platform. Specifically, there is disclosed a process for i...",True
509140,10.1126/science.1072266,patent,ATTENUATED INFLUENZA VIRUSES AND VACCINES,https://app.dimensions.ai/details/patent/ep-3653701-a1,20/05/2020,This invention provides highly attenuated influenza viruses and vaccines. The attenuated viruses and vaccines proliferate well and have high safety factors. The attenuated viruses providing protective immunity from challenge by virus of the same subtype...,True
509140,10.1126/science.1072266,patent,Methods for seamless nucleic acid assembly,https://app.dimensions.ai/details/patent/us-10696965-b2,30/06/2020,"Provided herein are methods, systems, and compositions for seamless nucleic acid assembly. Methods, systems, and compositions as provided herein provide for efficient assembly of nucleic acids without primer removal. Methods, systems, and compositions f...",True
509140,10.1126/science.1072266,patent,Microarray synthesis and assembly of gene-length polynucleotides,https://app.dimensions.ai/details/patent/us-10774325-b2,15/09/2020,"There is disclosed a process for in vitro synthesis and assembly of long, gene-length polynucleotides based upon assembly of multiple shorter oligonucleotides synthesized in situ on a microarray platform. Specifically, there is disclosed a process for i...",True
509140,10.1126/science.1072266,patent,Expanded pore particles and delivery methods thereof,https://app.dimensions.ai/details/patent/us-10933027-b1,02/03/2021,"The present invention relates to a construct including a porous core, a cargo, and a spacer disposed between the core and the cargo. In some examples, the construct further includes an outer layer composed of a lipid, a polymer, or a combination thereof...",True
509140,10.1126/science.1072266,patent,Lipid-coated particles for treating viral infections,https://app.dimensions.ai/details/patent/us-11045554-b1,29/06/2021,"The present invention relates to lipid-coated particles for treating viral infections, including viral encephalitis infections. In particular, an antiviral compound can be disposed within the lipid-coated particle, thereby providing an antiviral carrier...",True
509140,10.1126/science.1072266,patent,Attenuated viruses useful for vaccines,https://app.dimensions.ai/details/patent/us-11162080-b2,02/11/2021,"This invention provides an attenuated virus which comprises a modified viral genome containing nucleotide substitutions engineered in multiple locations in the genome, wherein the substitutions introduce synonymous deoptimized codons into the genome. Th...",True
509140,10.1126/science.1072266,patent,Nucleic acid based data storage,https://app.dimensions.ai/details/patent/us-11263354-b2,01/03/2022,"Provided herein are compositions, devices, systems and methods for the generation and use of biomolecule-based information for storage. Additionally, devices described herein for de novo synthesis of nucleic acids encoding information related to the ori...",True
509140,10.1126/science.1072266,patent,Barcode-based nucleic acid sequence assembly,https://app.dimensions.ai/details/patent/us-11332738-b2,17/05/2022,"Provided herein are methods, systems, and compositions for efficient nucleic acid assembly. Nucleic acid assembly may comprise assembly of variants comprising paired homology.",True
509140,10.1126/science.1072266,patent,Methods for seamless nucleic acid assembly,https://app.dimensions.ai/details/patent/us-11332740-b2,17/05/2022,"Provided herein are methods, systems, and compositions for seamless nucleic acid assembly. Methods, systems, and compositions as provided herein provide for efficient assembly of nucleic acids without primer removal. Methods, systems, and compositions f...",True
509140,10.1126/science.1072266,patent,Methods for seamless nucleic acid assembly,https://app.dimensions.ai/details/patent/us-11377676-b2,05/07/2022,"Provided herein are methods, systems, and compositions for seamless nucleic acid assembly. Such methods, systems, and compositions for seamless nucleic acid assembly include those for in vitro recombination cloning, single-stranded hierarchal DNA assemb...",True
509140,10.1126/science.1072266,patent,Lipid composition for the delivery of therapeutic cargos,https://app.dimensions.ai/details/patent/us-11433121-b1,06/09/2022,"A construct includes a core comprising an external surface and a plurality of pores, a cargo disposed in a pore of the plurality of pores, the cargo comprising a CRISPR Cas9 component or a nucleic acid sequence encoding a CRISPR Cas9 component; and a co...",True
509140,10.1126/science.1072266,patent,De novo synthesized gene libraries,https://app.dimensions.ai/details/patent/us-11452980-b2,27/09/2022,"De novo synthesized large libraries of nucleic acids are provided herein with low error rates. Further, devices for the manufacturing of high-quality building blocks, such as oligonucleotides, are described herein. Longer nucleic acids can be synthesize...",True
509140,10.1126/science.1072266,patent,Variant nucleic acid libraries for antibody optimization,https://app.dimensions.ai/details/patent/us-11492728-b2,08/11/2022,Provided herein are methods and compositions relating to libraries of optimized antibodies having nucleic acids encoding for an antibody comprising modified sequences. Libraries described herein include variegated libraries comprising nucleic acids each...,True
509140,10.1126/science.1072266,patent,Variant nucleic acid libraries for GLP1 receptor,https://app.dimensions.ai/details/patent/us-11492727-b2,08/11/2022,Provided herein are methods and compositions relating to glucagon-like peptide-1 receptor (GLP1R) libraries having nucleic acids encoding for a scaffold comprising a GLP1R binding domain. Libraries described herein include variegated libraries comprisin...,True
509140,10.1126/science.1072266,patent,In vitro recombination method,https://app.dimensions.ai/details/patent/us-11542529-b2,03/01/2023,"The present invention relates, e.g., to in vitro method, using isolated protein reagents, for joining two double stranded (ds) DNA molecules of interest, wherein the distal region of the first DNA molecule and the proximal region of the second DNA molec...",True
509140,10.1126/science.1072266,patent,Attenuated influenza viruses and vaccines,https://app.dimensions.ai/details/patent/us-11549101-b2,10/01/2023,This invention provides highly attenuated influenza viruses and vaccines. The attenuated viruses and vaccines proliferate well and have high safety factors. The attenuated viruses providing protective immunity from challenge by virus of the same subtype...,True
509140,10.1126/science.1072266,patent,Nucleic acid based data storage,https://app.dimensions.ai/details/patent/us-11562103-b2,24/01/2023,"Provided herein are compositions, devices, systems and methods for the generation and use of biomolecule-based information for storage. Additionally, devices described herein for de novo synthesis of nucleic acids encoding information related to the ori...",True
509140,10.1126/science.1072266,patent,Devices and methods for oligonucleic acid library synthesis,https://app.dimensions.ai/details/patent/us-11691118-b2,04/07/2023,"Devices and methods for de novo synthesis of large and highly accurate libraries of oligonucleic acids are provided herein. Devices include structures having a main channel and microchannels, where the microchannels have a high surface area to volume ra...",True
509140,10.1126/science.1072266,patent,Methods and devices for de novo oligonucleic acid assembly,https://app.dimensions.ai/details/patent/us-11697668-b2,11/07/2023,"Methods and devices are provided herein for surfaces for de novo nucleic acid synthesis which provide for low error rates. In addition, methods and devices are provided herein for increased nucleic acid mass yield resulting from de novo nucleic acid syn...",True
509140,10.1126/science.1072266,patent,METHODS FOR RULE-BASED GENOME DESIGN,https://app.dimensions.ai/details/patent/wo-2017218727-a1,21/12/2017,"Methods and systems for designing, testing, and validating genome designs are described herein. A computer-implemented method includes receiving data for a known genome and a list of alleles, identifying and removing occurrences of each allele in the kn...",True
509140,10.1126/science.1072266,patent,"Polynucleotides, reagents, and methods for nucleic acid hybridization",https://app.dimensions.ai/details/patent/us-11732294-b2,22/08/2023,"Provided herein are compositions, methods and systems relating to libraries of polynucleotides such that the libraries allow for accurate and efficient hybridization after binding to target sequences. Further provided herein are probes, blockers, additi...",True
509140,10.1126/science.1072266,patent,Heated nanowells for polynucleotide synthesis,https://app.dimensions.ai/details/patent/us-11745159-b2,05/09/2023,Defined sequence RNA synthesis by 3&#8242;&#8594;5&#8242; direction is now well established and currently in use for synthesis and development of vast variety of therapeutic grade RNA and Si RNA etc. A number of such synthetic RNA requires a modificatio...,True
509140,10.1126/science.1072266,patent,Oligonucleic acid variant libraries and synthesis thereof,https://app.dimensions.ai/details/patent/us-11807956-b2,07/11/2023,"Disclosed herein are methods for the generation of highly accurate oligonucleic acid libraries encoding for predetermined variants of a nucleic acid sequence. The degree of variation may be complete, resulting in a saturated variant library, or less tha...",True
509140,10.1126/science.1072266,patent,Synthetic nucleic acids for information storage and transmission,https://app.dimensions.ai/details/patent/us-11854669-b1,26/12/2023,The present invention relates to method for storing and transmitting information by employing a nucleic acid construct. The nucleic acid construct can include a lock region; a translation key region that corresponds to the identity of a key; and a messa...,True
509140,10.1126/science.1072266,patent,ATTENUATED VIRUSES USEFUL FOR VACCINES,https://app.dimensions.ai/details/patent/ep-4368202-a2,15/05/2024,"This invention provides an attenuated virus which comprises a modified viral genome containing nucleotide substitutions engineered in multiple locations in the genome, wherein the substitutions introduce synonymous deoptimized codons into the genome. Th...",True
509140,10.1126/science.1072266,patent,METHODS FOR RULE-BASED GENOME DESIGN,https://app.dimensions.ai/details/patent/ep-4386087-a2,19/06/2024,"Methods and systems for designing, testing, and validating genome designs based on rules or constraints or conditions or parameters or features and scoring are described herein. A computer-implemented method includes receiving data for a known genome an...",True
509140,10.1126/science.1072266,patent,Nucleic acid based data storage,https://app.dimensions.ai/details/patent/us-12056264-b2,06/08/2024,"Provided herein are compositions, devices, systems and methods for the generation and use of biomolecule-based information for storage. Additionally, devices described herein for de novo synthesis of nucleic acids encoding information related to the ori...",True
509140,10.1126/science.1072266,patent,DNA-based digital information storage with sidewall electrodes,https://app.dimensions.ai/details/patent/us-12086722-b2,10/09/2024,"Provided herein are compositions, devices, systems and methods for generation and use of biomolecule-based information for storage. Further provided are devices-having addressable electrodes controlling polynucleotide synthesis (deprotection, extension,...",True
509140,10.1126/science.1072266,patent,Variant nucleic acid libraries for CRTH2,https://app.dimensions.ai/details/patent/us-12091777-b2,17/09/2024,Provided herein are methods and compositions relating to prostaglandin D2 receptor 2 (DP2 or CRTH2R) libraries having nucleic acids encoding for a scaffold comprising a CRTH2R binding domain. CRTH2R libraries described herein encode for immunoglobulins ...,True
509140,10.1126/science.1072266,patent,Antibodies that bind CD3 epsilon,https://app.dimensions.ai/details/patent/us-12173282-b2,24/12/2024,Provided herein are methods and compositions relating to variant nucleic acid libraries encoding for antibodies including single domain antibodies. Libraries generated using methods described herein have improved characteristics including improved bindi...,True
509140,10.1126/science.1072266,patent,Methods for seamless nucleic acid assembly,https://app.dimensions.ai/details/patent/us-12270028-b2,08/04/2025,"Provided herein are methods, systems, and compositions for seamless nucleic acid assembly. Methods, systems, and compositions as provided herein provide for efficient assembly of nucleic acids without primer removal. Methods, systems, and compositions f...",True
509140,10.1126/science.1072266,patent,Antibodies that bind GLP1R,https://app.dimensions.ai/details/patent/us-12331427-b2,17/06/2025,Provided herein are methods and compositions relating to glucagon-like peptide-1 receptor (GLP1R) libraries having nucleic acids encoding for a scaffold comprising a GLP1R binding domain. Libraries described herein include variegated libraries comprisin...,True
509140,10.1126/science.1072266,patent,Highly accurate de novo polynucleotide synthesis,https://app.dimensions.ai/details/patent/us-12357959-b2,15/07/2025,"Methods, systems, compositions, and devices for the manufacturing of high-quality building blocks, such as polynucleotides, are described herein. Processes described herein provide for efficient washing of residual reagents, solvents, or byproducts from...",True
509140,10.1126/science.1072266,patent,Synthetic chimeric poxviruses,https://app.dimensions.ai/details/patent/us-12365879-b2,22/07/2025,"The invention relates, in general, to synthetic chimeric poxviruses, compositions comprising such viruses, and the development and use of systems and methods for producing such synthetic chimeric poxviruses. The synthetic chimeric poxviruses are well su...",True
509140,10.1126/science.1072266,wikipedia,Bioterrorism,http://en.wikipedia.org/?diff=prev&oldid=754821050#altmetric_citation_b7e259f9-f473-434c-acdf-d00b19ffe7e2,14/12/2016,Bioterrorism is terrorism involving the intentional release or dissemination of biological agents.,True
509140,10.1126/science.1072266,wikipedia,Poliovirus,http://en.wikipedia.org/?diff=prev&oldid=146864925#altmetric_citation_20,24/07/2007,"Poliovirus, the causative agent of poliomyelitis (commonly known as polio), is a human enterovirus and member of the family of Picornaviridae.",True
509140,10.1126/science.1072266,wikipedia,Biological warfare,http://en.wikipedia.org/?diff=prev&oldid=633654669#altmetric_citation_8,05/10/2016,"Biological warfare (BW)—also known as germ warfare—is the use of biological toxins or infectious agents such as bacteria, viruses, and fungi with the intent to kill or incapacitate humans, animals or plants as an act of war.",True
509140,10.1126/science.1072266,wikipedia,Virus,http://en.wikipedia.org/?diff=prev&oldid=341934858#altmetric_citation_145,04/02/2010,A virus is a sub-microscopic infectious agent that replicates only inside the living cells of an organism.,True
509140,10.1126/science.1072266,wikipedia,Eckard Wimmer,http://en.wikipedia.org/?diff=prev&oldid=531285452#altmetric_citation_1,04/01/2013,"Eckard Wimmer (born 22 May 1936) is a German American virologist, organic chemist and distinguished professor of molecular genetics and microbiology at Stony Brook University.",True
509140,10.1126/science.1072266,wikipedia,Synthetic virology,http://en.wikipedia.org/?diff=prev&oldid=861795628#altmetric_citation_15250c8d-7a2a-498f-88a9-3afb72d2f893,30/09/2018,"Synthetic Virology is the scientific discipline engaged in the study and engineering of synthetic, man-made Viruses.",True
509140,10.1126/science.1072266,wikipedia,Reproduction,http://en.wikipedia.org/?diff=prev&oldid=1146808935#altmetric_citation_37f3026b-c74a-459a-8c65-6fa116a5f5a5,27/03/2023,"Reproduction (or procreation or breeding) is the biological process by which new individual organisms – ""offspring"" – are produced from their ""parent"" or parents.",True
509140,10.1126/science.1072266,wikipedia,细菌战,http://zh.wikipedia.org/?diff=prev&oldid=79001774#altmetric_citation_41b52d8a-d937-4c7f-9441-68127d639294,19/09/2023,"细菌战(Germ warfare)或生物战(Biological warfare),是一种利用细菌或病毒作武器,攻击另一方人、畜及农作物,造成人工瘟疫的一种作战方式.",True
509140,10.1126/science.1072266,wikipedia,Bioterrorismus,http://de.wikipedia.org/?diff=prev&oldid=244231232#altmetric_citation_783d0966-93d7-4d4e-8128-8cb69915c03a,20/04/2024,"Bioterrorismus ist eine Form des Terrorismus, bei der biologische Waffen absichtlich freigesetzt oder verbreitet werden.",True
